date;home_team;away_team;home_score;away_score;competition;stadium;city;country;neutral;world_cup;home_tries;away_tries;home_cons;away_cons;home_cons_att;away_cons_att;home_pens;away_pens;home_pens_att;away_pens_att;home_drops;away_drops;home_yellow;away_yellow;home_red;away_red;referee;attendance;home_try_scorers;away_try_scorers
1982/06/13;Netherlands;France;0;4;1982 Netherlands v France (women's rugby union match);;;;FALSE;FALSE;0;1;0;0;0;0;0;0;0;0;0;0;0;0;0;0;Roel Wijnant;;;
1988/05/21;France;Netherlands;13;3;1988 Women's Rugby European Cup;;;;FALSE;FALSE;;;;;;;;;;;;;;;;;;;;
1988/05/21;Great Britain;Italy;32;9;1988 Women's Rugby European Cup;;;;FALSE;FALSE;;;;;;;;;;;;;;;;;;;;
1988/05/22;France;Italy;16;3;1988 Women's Rugby European Cup;;;;FALSE;FALSE;;;;;;;;;;;;;;;;;;;;
1988/05/22;Great Britain;Netherlands;26;0;1988 Women's Rugby European Cup;;;;FALSE;FALSE;;;;;;;;;;;;;;;;;;;;
1988/05/23;France;Great Britain;8;6;1988 Women's Rugby European Cup;;;;FALSE;FALSE;;;;;;;;;;;;;;;;;;;;
1988/05/23;Italy;Netherlands;6;10;1988 Women's Rugby European Cup;;;;FALSE;FALSE;;;;;;;;;;;;;;;;;;;;
1991/04/06;New Zealand;Canada;24;8;1991 Women's Rugby World Cup;;;;FALSE;TRUE;;;;;;;;;;;;;;;;;;;;
1991/04/06;France;Japan;62;0;1991 Women's Rugby World Cup;;;;FALSE;TRUE;;;;;;;;;;;;;;;;;;;;
1991/04/06;Netherlands;United States;0;7;1991 Women's Rugby World Cup;;;;FALSE;TRUE;;;;;;;;;;;;;;;;;;;;
1991/04/06;England;Spain;12;0;1991 Women's Rugby World Cup;;;;FALSE;TRUE;;;;;;;;;;;;;;;;;;;;
1991/04/08;Wales;Canada;9;9;1991 Women's Rugby World Cup;;;;FALSE;TRUE;;;;;;;;;;;;;;;;;;;;
1991/04/08;France;Sweden;37;0;1991 Women's Rugby World Cup;;;;FALSE;TRUE;;;;;;;;;;;;;;;;;;;;
1991/04/08;Netherlands;Soviet Union;28;0;1991 Women's Rugby World Cup;;;;FALSE;TRUE;;;;;;;;;;;;;;;;;;;;
1991/04/08;England;Italy;25;9;1991 Women's Rugby World Cup;;;;FALSE;TRUE;;;;;;;;;;;;;;;;;;;;
1991/04/10;Wales;New Zealand;6;24;1991 Women's Rugby World Cup;;;;FALSE;TRUE;;;;;;;;;;;;;;;;;;;;
1991/04/10;Japan;Sweden;0;20;1991 Women's Rugby World Cup;;;;FALSE;TRUE;;;;;;;;;;;;;;;;;;;;
1991/04/10;United States;Soviet Union;46;0;1991 Women's Rugby World Cup;;;;FALSE;TRUE;;;;;;;;;;;;;;;;;;;;
1991/04/10;Italy;Spain;7;13;1991 Women's Rugby World Cup;;;;FALSE;TRUE;;;;;;;;;;;;;;;;;;;;
1991/04/11;Canada;Soviet Union;38;0;1991 Women's Rugby World Cup;;;;FALSE;TRUE;;;;;;;;;;;;;;;;;;;;
1991/04/11;Italy;Sweden;18;0;1991 Women's Rugby World Cup;;;;FALSE;TRUE;;;;;;;;;;;;;;;;;;;;
1991/04/11;Wales;Netherlands;3;6;1991 Women's Rugby World Cup;;;;FALSE;TRUE;;;;;;;;;;;;;;;;;;;;
1991/04/11;Japan;Spain;0;30;1991 Women's Rugby World Cup;;;;FALSE;TRUE;;;;;;;;;;;;;;;;;;;;
1991/04/12;Canada;Italy;6;0;1991 Women's Rugby World Cup;;;;FALSE;TRUE;;;;;;;;;;;;;;;;;;;;
1991/04/12;Netherlands;Spain;0;8;1991 Women's Rugby World Cup;;;;FALSE;TRUE;;;;;;;;;;;;;;;;;;;;
1991/04/12;New Zealand;United States;0;7;1991 Women's Rugby World Cup;;;;FALSE;TRUE;;;;;;;;;;;;;;;;;;;;
1991/04/12;England;France;13;0;1991 Women's Rugby World Cup;;;;FALSE;TRUE;;;;;;;;;;;;;;;;;;;;
1991/04/13;Canada;Spain;19;4;1991 Women's Rugby World Cup;;;;FALSE;TRUE;;;;;;;;;;;;;;;;;;;;
1991/04/14;England;United States;6;19;1991 Women's Rugby World Cup final;;;;FALSE;TRUE;1;3;1;2;1;2;0;1;0;1;0;0;;;;;;;Penalty try;"Claire Godwin (2); Patty Connell"
1994/04/11;Sweden;United States;0;111;1994 Women's Rugby World Cup;;;;FALSE;TRUE;;;;;;;;;;;;;;;;;;;;
1994/04/11;England;Russia;66;0;1994 Women's Rugby World Cup;;;;FALSE;TRUE;;;;;;;;;;;;;;;;;;;;
1994/04/11;Canada;Wales;5;11;1994 Women's Rugby World Cup;;;;FALSE;TRUE;;;;;;;;;;;;;;;;;;;;
1994/04/13;Japan;Sweden;10;5;1994 Women's Rugby World Cup;;;;FALSE;TRUE;;;;;;;;;;;;;;;;;;;;
1994/04/13;Scotland;Russia;51;0;1994 Women's Rugby World Cup;;;;FALSE;TRUE;;;;;;;;;;;;;;;;;;;;
1994/04/13;Kazakhstan;Wales;8;29;1994 Women's Rugby World Cup;;;;FALSE;TRUE;;;;;;;;;;;;;;;;;;;;
1994/04/15;Japan;United States;0;121;1994 Women's Rugby World Cup;;;;FALSE;TRUE;;;;;;;;;;;;;;;;;;;;
1994/04/15;Scotland;England;0;26;1994 Women's Rugby World Cup;;;;FALSE;TRUE;;;;;;;;;;;;;;;;;;;;
1994/04/15;France;Ireland;31;0;1994 Women's Rugby World Cup;;;;FALSE;TRUE;;;;;;;;;;;;;;;;;;;;
1994/04/15;Canada;Kazakhstan;28;0;1994 Women's Rugby World Cup;;;;FALSE;TRUE;;;;;;;;;;;;;;;;;;;;
1994/04/17;Russia;Sweden;13;20;1994 Women's Rugby World Cup;;;;FALSE;TRUE;;;;;;;;;;;;;;;;;;;;
1994/04/17;United States;Ireland;76;0;1994 Women's Rugby World Cup;;;;FALSE;TRUE;;;;;;;;;;;;;;;;;;;;
1994/04/17;England;Canada;24;10;1994 Women's Rugby World Cup;;;;FALSE;TRUE;;;;;;;;;;;;;;;;;;;;
1994/04/17;France;Japan;99;0;1994 Women's Rugby World Cup;;;;FALSE;TRUE;;;;;;;;;;;;;;;;;;;;
1994/04/17;Scotland;Wales;0;8;1994 Women's Rugby World Cup;;;;FALSE;TRUE;;;;;;;;;;;;;;;;;;;;
1994/04/19;Kazakhstan;Russia;25;0;1994 Women's Rugby World Cup;;;;FALSE;TRUE;;;;;;;;;;;;;;;;;;;;
1994/04/20;United States;Wales;56;15;1994 Women's Rugby World Cup;;;;FALSE;TRUE;;;;;;;;;;;;;;;;;;;;
1994/04/20;England;France;18;6;1994 Women's Rugby World Cup;;;;FALSE;TRUE;;;;;;;;;;;;;;;;;;;;
1994/04/20;Canada;Japan;57;0;1994 Women's Rugby World Cup;;;;FALSE;TRUE;;;;;;;;;;;;;;;;;;;;
1994/04/20;Scotland;Ireland;10;3;1994 Women's Rugby World Cup;;;;FALSE;TRUE;;;;;;;;;;;;;;;;;;;;
1994/04/21;Kazakhstan;Sweden;31;12;1994 Women's Rugby World Cup;;;;FALSE;TRUE;;;;;;;;;;;;;;;;;;;;
1994/04/23;Kazakhstan;Sweden;29;12;1994 Women's Rugby World Cup;;;;FALSE;TRUE;;;;;;;;;;;;;;;;;;;;
1994/04/23;Ireland;Japan;11;3;1994 Women's Rugby World Cup;;;;FALSE;TRUE;;;;;;;;;;;;;;;;;;;;
1994/04/23;Scotland;Canada;11;5;1994 Women's Rugby World Cup;;;;FALSE;TRUE;;;;;;;;;;;;;;;;;;;;
1994/04/24;France;Wales;27;0;1994 Women's Rugby World Cup;;;;FALSE;TRUE;;;;;;;;;;;;;;;;;;;;
1994/04/24;England;United States;38;23;1994 Women's Rugby World Cup;;;;FALSE;TRUE;;;;;;;;;;;;;;;;;Jim Fleming;;;
1995/04/12;France;Netherlands;17;0;1995 FIRA Women's European Championship;;;;FALSE;FALSE;;;;;;;;;;;;;;;;;;;;
1995/04/12;Italy;Spain;0;5;1995 FIRA Women's European Championship;;;;FALSE;FALSE;;;;;;;;;;;;;;;;;;;;
1995/04/16;Italy;Netherlands;23;19;1995 FIRA Women's European Championship;;;;FALSE;FALSE;;;;;;;;;;;;;;;;;;;;
1995/04/16;France;Spain;6;20;1995 FIRA Women's European Championship;;;;FALSE;FALSE;;;;;;;;;;;;;;;;;;;;
1996/01/21;Ireland;Scotland;0;21;1996 Women's Home Nations Championship;;;;FALSE;FALSE;;;;;;;;;;;;;;;;;;;;
1996/02/04;England;Wales;56;3;1996 Women's Home Nations Championship;;;;FALSE;FALSE;;;;;;;;;;;;;;;;;;;;
1996/02/18;Wales;Scotland;11;6;1996 Women's Home Nations Championship;;;;FALSE;FALSE;;;;;;;;;;;;;;;;;;;;
1996/03/03;Ireland;Wales;22;6;1996 Women's Home Nations Championship;;;;FALSE;FALSE;;;;;;;;;;;;;;;;;;;;
1996/03/03;Scotland;England;8;12;1996 Women's Home Nations Championship;;;;FALSE;FALSE;;;;;;;;;;;;;;;;;;;;
1996/03/17;England;Ireland;12;8;1996 Women's Home Nations Championship;;;;FALSE;FALSE;;;;;;;;;;;;;;;;;;;;
1996/04/10;Spain;Germany;53;0;1996 FIRA Women's European Championship;;;;FALSE;FALSE;;;;;;;;;;;;;;;;;;;;
1996/04/11;Netherlands;Germany;29;11;1996 FIRA Women's European Championship;;;;FALSE;FALSE;;;;;;;;;;;;;;;;;;;;
1996/04/11;France;Italy;57;8;1996 FIRA Women's European Championship;;;;FALSE;FALSE;;;;;;;;;;;;;;;;;;;;
1996/04/12;Spain;Netherlands;29;0;1996 FIRA Women's European Championship;;;;FALSE;FALSE;;;;;;;;;;;;;;;;;;;;
1996/04/13;Italy;Germany;39;0;1996 FIRA Women's European Championship;;;;FALSE;FALSE;;;;;;;;;;;;;;;;;;;;
1996/04/14;Italy;Netherlands;11;6;1996 FIRA Women's European Championship;;;;FALSE;FALSE;;;;;;;;;;;;;;;;;;;;
1996/04/14;Spain;France;10;15;1996 FIRA Women's European Championship;;;;FALSE;FALSE;;;;;;;;;;;;;;;;;;;;
1997/01/12;Scotland;Wales;10;0;1997 Women's Home Nations Championship;;;;FALSE;FALSE;;;;;;;;;;;;;;;;;;;;
1997/01/26;Wales;Ireland;32;5;1997 Women's Home Nations Championship;;;;FALSE;FALSE;;;;;;;;;;;;;;;;;;;;
1997/01/26;England;Scotland;23;3;1997 Women's Home Nations Championship;;;;FALSE;FALSE;;;;;;;;;;;;;;;;;;;;
1997/02/09;Ireland;England;0;32;1997 Women's Home Nations Championship;;;;FALSE;FALSE;;;;;;;;;;;;;;;;;;;;
1997/02/23;Scotland;Ireland;28;3;1997 Women's Home Nations Championship;;;;FALSE;FALSE;;;;;;;;;;;;;;;;;;;;
1997/03/09;Wales;England;22;24;1997 Women's Home Nations Championship;;;;FALSE;FALSE;;;;;;;;;;;;;;;;;;;;
1997/04/02;France;Germany;58;18;1997 FIRA Women's European Championship;;;;FALSE;FALSE;;;;;;;;;;;;;;;;;;;;
1997/04/02;England;Netherlands;40;3;1997 FIRA Women's European Championship;;;;FALSE;FALSE;;;;;;;;;;;;;;;;;;;;
1997/04/02;Spain;Ireland;27;0;1997 FIRA Women's European Championship;;;;FALSE;FALSE;;;;;;;;;;;;;;;;;;;;
1997/04/02;Italy;Scotland;7;31;1997 FIRA Women's European Championship;;;;FALSE;FALSE;;;;;;;;;;;;;;;;;;;;
1997/04/04;Italy;Ireland;13;5;1997 FIRA Women's European Championship;;;;FALSE;FALSE;;;;;;;;;;;;;;;;;;;;
1997/04/04;Netherlands;Germany;32;10;1997 FIRA Women's European Championship;;;;FALSE;FALSE;;;;;;;;;;;;;;;;;;;;
1997/04/04;France;England;10;15;1997 FIRA Women's European Championship;;;;FALSE;FALSE;;;;;;;;;;;;;;;;;;;;
1997/04/04;Scotland;Spain;11;10;1997 FIRA Women's European Championship;;;;FALSE;FALSE;;;;;;;;;;;;;;;;;;;;
1997/04/06;Germany;Ireland;0;16;1997 FIRA Women's European Championship;;;;FALSE;FALSE;;;;;;;;;;;;;;;;;;;;
1997/04/06;Italy;Netherlands;24;26;1997 FIRA Women's European Championship;;;;FALSE;FALSE;;;;;;;;;;;;;;;;;;;;
1997/04/06;France;Spain;8;25;1997 FIRA Women's European Championship;;;;FALSE;FALSE;;;;;;;;;;;;;;;;;;;;
1997/04/06;England;Scotland;24;8;1997 FIRA Women's European Championship;;;;FALSE;FALSE;;;;;;;;;;;;;;;;;;;;
1998/02/08;Ireland;Scotland;0;15;1998 Women's Home Nations Championship;;;;FALSE;FALSE;;;;;;;;;;;;;;;;;;;;
1998/02/15;England;Wales;29;12;1998 Women's Home Nations Championship;;;;FALSE;FALSE;;;;;;;;;;;;;;;;;;;;
1998/03/01;Wales;Scotland;12;22;1998 Women's Home Nations Championship;;;;FALSE;FALSE;;;;;;;;;;;;;;;;;;;;
1998/03/21;Scotland;England;8;5;1998 Women's Home Nations Championship;;;;FALSE;FALSE;;;;;;;;;;;;;;;;;;;;
1998/03/22;Ireland;Wales;10;27;1998 Women's Home Nations Championship;;;;FALSE;FALSE;;;;;;;;;;;;;;;;;;;;
1998/04/05;England;Ireland;62;8;1998 Women's Home Nations Championship;;;;FALSE;FALSE;;;;;;;;;;;;;;;;;;;;
1998/05/01;Netherlands;Canada;7;16;1998 Women's Rugby World Cup;;;;FALSE;TRUE;;;;;;;;;;;;;;;;;;;;
1998/05/02;England;Sweden;75;0;1998 Women's Rugby World Cup;;;;FALSE;TRUE;;;;;;;;;;;;;;;;;;;;
1998/05/02;Spain;Wales;28;18;1998 Women's Rugby World Cup;;;;FALSE;TRUE;;;;;;;;;;;;;;;;;;;;
1998/05/02;Russia;United States;0;84;1998 Women's Rugby World Cup;;;;FALSE;TRUE;;;;;;;;;;;;;;;;;;;;
1998/05/02;Germany;New Zealand;6;134;1998 Women's Rugby World Cup;;;;FALSE;TRUE;;;;;;;;;;;;;;;;;;;;
1998/05/02;Italy;Scotland;8;37;1998 Women's Rugby World Cup;;;;FALSE;TRUE;;;;;;;;;;;;;;;;;;;;
1998/05/02;France;Kazakhstan;23;6;1998 Women's Rugby World Cup;;;;FALSE;TRUE;;;;;;;;;;;;;;;;;;;;
1998/05/02;Australia;Ireland;21;0;1998 Women's Rugby World Cup;;;;FALSE;TRUE;;;;;;;;;;;;;;;;;;;;
1998/05/05;Canada;England;6;72;1998 Women's Rugby World Cup;;;;FALSE;TRUE;;;;;;;;;;;;;;;;;;;;
1998/05/05;Netherlands;Sweden;44;0;1998 Women's Rugby World Cup;;;;FALSE;TRUE;;;;;;;;;;;;;;;;;;;;
1998/05/05;Spain;United States;16;38;1998 Women's Rugby World Cup;;;;FALSE;TRUE;;;;;;;;;;;;;;;;;;;;
1998/05/05;Russia;Wales;7;83;1998 Women's Rugby World Cup;;;;FALSE;TRUE;;;;;;;;;;;;;;;;;;;;
1998/05/05;New Zealand;Scotland;76;0;1998 Women's Rugby World Cup;;;;FALSE;TRUE;;;;;;;;;;;;;;;;;;;;
1998/05/05;Germany;Italy;5;34;1998 Women's Rugby World Cup;;;;FALSE;TRUE;;;;;;;;;;;;;;;;;;;;
1998/05/05;Australia;France;8;10;1998 Women's Rugby World Cup;;;;FALSE;TRUE;;;;;;;;;;;;;;;;;;;;
1998/05/05;Ireland;Kazakhstan;6;12;1998 Women's Rugby World Cup;;;;FALSE;TRUE;;;;;;;;;;;;;;;;;;;;
1998/05/09;Netherlands;Ireland;18;21;1998 Women's Rugby World Cup;;;;FALSE;TRUE;;;;;;;;;;;;;;;;;;;;
1998/05/09;Germany;Wales;12;55;1998 Women's Rugby World Cup;;;;FALSE;TRUE;;;;;;;;;;;;;;;;;;;;
1998/05/09;Kazakhstan;Sweden;47;5;1998 Women's Rugby World Cup;;;;FALSE;TRUE;;;;;;;;;;;;;;;;;;;;
1998/05/09;Italy;Russia;51;7;1998 Women's Rugby World Cup;;;;FALSE;TRUE;;;;;;;;;;;;;;;;;;;;
1998/05/09;Australia;England;13;30;1998 Women's Rugby World Cup;;;;FALSE;TRUE;;;;;;;;;;;;;;;;;;;;
1998/05/09;Scotland;United States;10;25;1998 Women's Rugby World Cup;;;;FALSE;TRUE;;;;;;;;;;;;;;;;;;;;
1998/05/09;Canada;France;9;7;1998 Women's Rugby World Cup;;;;FALSE;TRUE;;;;;;;;;;;;;;;;;;;;
1998/05/09;New Zealand;Spain;46;3;1998 Women's Rugby World Cup;;;;FALSE;TRUE;;;;;;;;;;;;;;;;;;;;
1998/05/12;Ireland;Italy;20;5;1998 Women's Rugby World Cup;;;;FALSE;TRUE;;;;;;;;;;;;;;;;;;;;
1998/05/12;Kazakhstan;Wales;18;13;1998 Women's Rugby World Cup;;;;FALSE;TRUE;;;;;;;;;;;;;;;;;;;;
1998/05/12;Netherlands;Russia;61;0;1998 Women's Rugby World Cup;;;;FALSE;TRUE;;;;;;;;;;;;;;;;;;;;
1998/05/12;Germany;Sweden;20;18;1998 Women's Rugby World Cup;;;;FALSE;TRUE;;;;;;;;;;;;;;;;;;;;
1998/05/12;England;New Zealand;11;44;1998 Women's Rugby World Cup;;;;FALSE;TRUE;;;;;;;;;;;;;;;;;;;;
1998/05/12;Canada;United States;6;46;1998 Women's Rugby World Cup;;;;FALSE;TRUE;;;;;;;;;;;;;;;;;;;;
1998/05/12;Australia;Spain;17;15;1998 Women's Rugby World Cup;;;;FALSE;TRUE;;;;;;;;;;;;;;;;;;;;
1998/05/12;France;Scotland;7;27;1998 Women's Rugby World Cup;;;;FALSE;TRUE;;;;;;;;;;;;;;;;;;;;
1998/05/15;Italy;Wales;10;12;1998 Women's Rugby World Cup;;;;FALSE;TRUE;;;;;;;;;;;;;;;;;;;;
1998/05/15;Ireland;Kazakhstan;10;26;1998 Women's Rugby World Cup;;;;FALSE;TRUE;;;;;;;;;;;;;;;;;;;;
1998/05/15;Russia;Sweden;3;23;1998 Women's Rugby World Cup;;;;FALSE;TRUE;;;;;;;;;;;;;;;;;;;;
1998/05/15;Netherlands;Germany;67;3;1998 Women's Rugby World Cup;;;;FALSE;TRUE;;;;;;;;;;;;;;;;;;;;
1998/05/16;Canada;England;15;31;1998 Women's Rugby World Cup;;;;FALSE;TRUE;;;;;;;;;;;;;;;;;;;;
1998/05/16;New Zealand;United States;44;12;1998 Women's Rugby World Cup;;;;FALSE;TRUE;;;;;;;;;;;;;;;;;;;;
1998/05/16;France;Spain;9;22;1998 Women's Rugby World Cup;;;;FALSE;TRUE;;;;;;;;;;;;;;;;;;;;
1998/05/16;Australia;Scotland;25;15;1998 Women's Rugby World Cup;;;;FALSE;TRUE;;;;;;;;;;;;;;;;;;;;
1999/02/07;Ireland;France;0;24;1999 Women's Five Nations Championship;;;;FALSE;FALSE;;;;;;;;;;;;;;;;;;;;
1999/02/07;Scotland;Wales;23;0;1999 Women's Five Nations Championship;;;;FALSE;FALSE;;;;;;;;;;;;;;;;;;;;
1999/02/21;Wales;Ireland;26;0;1999 Women's Five Nations Championship;;;;FALSE;FALSE;;;;;;;;;;;;;;;;;;;;
1999/02/28;England;Scotland;34;7;1999 Women's Five Nations Championship;;;;FALSE;FALSE;;;;;;;;;;;;;;;;;;;;
1999/03/05;France;Wales;34;5;1999 Women's Five Nations Championship;;;;FALSE;FALSE;;;;;;;;;;;;;;;;;;;;
1999/03/07;Ireland;England;0;56;1999 Women's Five Nations Championship;;;;FALSE;FALSE;;;;;;;;;;;;;;;;;;;;
1999/03/21;England;France;13;8;1999 Women's Five Nations Championship;;;;FALSE;FALSE;;;;;;;;;;;;;;;;;;;;
1999/03/21;Scotland;Ireland;22;5;1999 Women's Five Nations Championship;;;;FALSE;FALSE;;;;;;;;;;;;;;;;;;;;
1999/04/09;France;Scotland;48;18;1999 Women's Five Nations Championship;;;;FALSE;FALSE;;;;;;;;;;;;;;;;;;;;
1999/04/10;Wales;England;11;83;1999 Women's Five Nations Championship;;;;FALSE;FALSE;;;;;;;;;;;;;;;;;;;;
1999/04/19;France;Kazakhstan;28;0;1999 FIRA Women's European Championship;;;;FALSE;FALSE;;;;;;;;;;;;;;;;;;;;
1999/04/19;England;Netherlands;91;3;1999 FIRA Women's European Championship;;;;FALSE;FALSE;;;;;;;;;;;;;;;;;;;;
1999/04/19;Spain;Wales;14;8;1999 FIRA Women's European Championship;;;;FALSE;FALSE;;;;;;;;;;;;;;;;;;;;
1999/04/19;Italy;Scotland;15;43;1999 FIRA Women's European Championship;;;;FALSE;FALSE;;;;;;;;;;;;;;;;;;;;
1999/04/21;Netherlands;Kazakhstan;0;24;1999 FIRA Women's European Championship;;;;FALSE;FALSE;;;;;;;;;;;;;;;;;;;;
1999/04/21;Italy;Wales;17;28;1999 FIRA Women's European Championship;;;;FALSE;FALSE;;;;;;;;;;;;;;;;;;;;
1999/04/21;England;France;0;19;1999 FIRA Women's European Championship;;;;FALSE;FALSE;;;;;;;;;;;;;;;;;;;;
1999/04/21;Spain;Scotland;11;9;1999 FIRA Women's European Championship;;;;FALSE;FALSE;;;;;;;;;;;;;;;;;;;;
1999/04/24;Italy;Netherlands;50;18;1999 FIRA Women's European Championship;;;;FALSE;FALSE;;;;;;;;;;;;;;;;;;;;
1999/04/24;Wales;Kazakhstan;11;22;1999 FIRA Women's European Championship;;;;FALSE;FALSE;;;;;;;;;;;;;;;;;;;;
1999/04/24;England;Scotland;13;15;1999 FIRA Women's European Championship;;;;FALSE;FALSE;;;;;;;;;;;;;;;;;;;;
1999/04/24;France;Spain;13;5;1999 FIRA Women's European Championship;;;;FALSE;FALSE;;;;;;;;;;;;;;;;;;;;
2000/02/04;Wales;France;10;27;2000 Women's Five Nations Championship;;;;FALSE;FALSE;;;;;;;;;;;;;;;;;;;;
2000/02/06;England;Spain;31;7;2000 Women's Five Nations Championship;;;;FALSE;FALSE;;;;;;;;;;;;;;;;;;;;
2000/02/18;France;England;8;24;2000 Women's Five Nations Championship;;;;FALSE;FALSE;;;;;;;;;;;;;;;;;;;;
2000/02/18;Spain;Scotland;13;9;2000 Women's Five Nations Championship;;;;FALSE;FALSE;;;;;;;;;;;;;;;;;;;;
2000/03/05;England;Wales;51;0;2000 Women's Five Nations Championship;;;;FALSE;FALSE;;;;;;;;;;;;;;;;;;;;
2000/03/06;Scotland;France;7;10;2000 Women's Five Nations Championship;;;;FALSE;FALSE;;;;;;;;;;;;;;;;;;;;
2000/03/18;France;Spain;38;5;2000 Women's Five Nations Championship;;;;FALSE;FALSE;;;;;;;;;;;;;;;;;;;;
2000/03/19;Wales;Scotland;12;36;2000 Women's Five Nations Championship;;;;FALSE;FALSE;;;;;;;;;;;;;;;;;;;;
2000/04/01;Scotland;England;9;64;2000 Women's Five Nations Championship;;;;FALSE;FALSE;;;;;;;;;;;;;;;;;;;;
2000/04/01;Spain;Wales;18;10;2000 Women's Five Nations Championship;;;;FALSE;FALSE;;;;;;;;;;;;;;;;;;;;
2000/05/08;France;Ireland;41;14;2000 FIRA Women's European Championship;;;;FALSE;FALSE;;;;;;;;;;;;;;;;;;;;
2000/05/08;England;Kazakhstan;41;3;2000 FIRA Women's European Championship;;;;FALSE;FALSE;;;;;;;;;;;;;;;;;;;;
2000/05/08;Scotland;Wales;28;6;2000 FIRA Women's European Championship;;;;FALSE;FALSE;;;;;;;;;;;;;;;;;;;;
2000/05/08;Spain;Italy;58;16;2000 FIRA Women's European Championship;;;;FALSE;FALSE;;;;;;;;;;;;;;;;;;;;
2000/05/08;Germany;Netherlands;5;12;2000 FIRA Women's European Championship;;;;FALSE;FALSE;;;;;;;;;;;;;;;;;;;;
2000/05/10;Italy;Wales;24;25;2000 FIRA Women's European Championship;;;;FALSE;FALSE;;;;;;;;;;;;;;;;;;;;
2000/05/10;Ireland;Kazakhstan;15;31;2000 FIRA Women's European Championship;;;;FALSE;FALSE;;;;;;;;;;;;;;;;;;;;
2000/05/10;England;France;12;19;2000 FIRA Women's European Championship;;;;FALSE;FALSE;;;;;;;;;;;;;;;;;;;;
2000/05/10;Spain;Scotland;13;10;2000 FIRA Women's European Championship;;;;FALSE;FALSE;;;;;;;;;;;;;;;;;;;;
2000/05/10;Germany;Netherlands;0;7;2000 FIRA Women's European Championship;;;;FALSE;FALSE;;;;;;;;;;;;;;;;;;;;
2000/05/13;Wales;Kazakhstan;6;3;2000 FIRA Women's European Championship;;;;FALSE;FALSE;;;;;;;;;;;;;;;;;;;;
2000/05/13;England;Scotland;40;20;2000 FIRA Women's European Championship;;;;FALSE;FALSE;;;;;;;;;;;;;;;;;;;;
2000/05/13;Spain;France;0;31;2000 FIRA Women's European Championship;;;;FALSE;FALSE;;;;;;;;;;;;;;;;;;;;
2000/05/13;Italy;Germany;27;5;2000 FIRA Women's European Championship;;;;FALSE;FALSE;;;;;;;;;;;;;;;;;;;;
2000/05/13;Ireland;Netherlands;19;12;2000 FIRA Women's European Championship;;;;FALSE;FALSE;;;;;;;;;;;;;;;;;;;;
2000/12/15;Hong Kong;Japan;0;62;2002 Women's Rugby World Cup;;;;FALSE;FALSE;;;;;;;;;;;;;;;;;;;;
2001/02/03;France;Scotland;13;0;2001 Women's Five Nations Championship;;;;FALSE;FALSE;;;;;;;;;;;;;;;;;;;;
2001/02/04;Wales;England;0;18;2001 Women's Five Nations Championship;;;;FALSE;FALSE;;;;;;;;;;;;;;;;;;;;
2001/02/18;England;Spain;28;12;2001 Women's Five Nations Championship;;;;FALSE;FALSE;;;;;;;;;;;;;;;;;;;;
2001/02/18;Scotland;Wales;22;0;2001 Women's Five Nations Championship;;;;FALSE;FALSE;;;;;;;;;;;;;;;;;;;;
2001/03/03;Spain;France;6;0;2001 Women's Five Nations Championship;;;;FALSE;FALSE;;;;;;;;;;;;;;;;;;;;
2001/03/04;England;Scotland;39;0;2001 Women's Five Nations Championship;;;;FALSE;FALSE;;;;;;;;;;;;;;;;;;;;
2001/03/16;France;Wales;24;3;2001 Women's Five Nations Championship;;;;FALSE;FALSE;;;;;;;;;;;;;;;;;;;;
2001/03/18;Scotland;Spain;19;8;2001 Women's Five Nations Championship;;;;FALSE;FALSE;;;;;;;;;;;;;;;;;;;;
2001/04/08;England;France;50;6;2001 Women's Five Nations Championship;;;;FALSE;FALSE;;;;;;;;;;;;;;;;;;;;
2001/04/08;Wales;Spain;0;5;2001 Women's Five Nations Championship;;;;FALSE;FALSE;;;;;;;;;;;;;;;;;;;;
2001/05/06;France;Ireland;45;9;2001 FIRA Women's European Championship;;;;FALSE;FALSE;;;;;;;;;;;;;;;;;;;;
2001/05/06;Spain;Italy;34;3;2001 FIRA Women's European Championship;;;;FALSE;FALSE;;;;;;;;;;;;;;;;;;;;
2001/05/06;England;Kazakhstan;29;15;2001 FIRA Women's European Championship;;;;FALSE;FALSE;;;;;;;;;;;;;;;;;;;;
2001/05/06;Scotland;Wales;13;3;2001 FIRA Women's European Championship;;;;FALSE;FALSE;;;;;;;;;;;;;;;;;;;;
2001/05/07;Belgium;Netherlands;0;66;2001 FIRA Women's European Championship;;;;FALSE;FALSE;;;;;;;;;;;;;;;;;;;;
2001/05/07;Germany;Sweden;13;15;2001 FIRA Women's European Championship;;;;FALSE;FALSE;;;;;;;;;;;;;;;;;;;;
2001/05/09;Germany;Netherlands;6;17;2001 FIRA Women's European Championship;;;;FALSE;FALSE;;;;;;;;;;;;;;;;;;;;
2001/05/09;Belgium;Sweden;0;90;2001 FIRA Women's European Championship;;;;FALSE;FALSE;;;;;;;;;;;;;;;;;;;;
2001/05/10;Ireland;Wales;10;15;2001 FIRA Women's European Championship;;;;FALSE;FALSE;;;;;;;;;;;;;;;;;;;;
2001/05/10;Italy;Kazakhstan;0;20;2001 FIRA Women's European Championship;;;;FALSE;FALSE;;;;;;;;;;;;;;;;;;;;
2001/05/10;France;Scotland;6;9;2001 FIRA Women's European Championship;;;;FALSE;FALSE;;;;;;;;;;;;;;;;;;;;
2001/05/10;England;Spain;8;15;2001 FIRA Women's European Championship;;;;FALSE;FALSE;;;;;;;;;;;;;;;;;;;;
2001/05/12;Ireland;Italy;9;8;2001 FIRA Women's European Championship;;;;FALSE;FALSE;;;;;;;;;;;;;;;;;;;;
2001/05/12;Wales;Kazakhstan;17;7;2001 FIRA Women's European Championship;;;;FALSE;FALSE;;;;;;;;;;;;;;;;;;;;
2001/05/12;France;England;23;34;2001 FIRA Women's European Championship;;;;FALSE;FALSE;;;;;;;;;;;;;;;;;;;;
2001/05/12;Spain;Scotland;3;15;2001 FIRA Women's European Championship;;;;FALSE;FALSE;;;;;;;;;;;;;;;;;;;;
2001/05/12;Netherlands;Sweden;12;13;2001 FIRA Women's European Championship;;;;FALSE;FALSE;;;;;;;;;;;;;;;;;;;;
2001/05/12;Belgium;Germany;0;67;2001 FIRA Women's European Championship;;;;FALSE;FALSE;;;;;;;;;;;;;;;;;;;;
2002/02/02;France;Spain;24;0;2002 Women's Six Nations Championship;;;;FALSE;FALSE;;;;;;;;;;;;;;;;;;;;
2002/02/03;Ireland;Wales;5;13;2002 Women's Six Nations Championship;;;;FALSE;FALSE;;;;;;;;;;;;;;;;;;;;
2002/02/03;Scotland;England;8;35;2002 Women's Six Nations Championship;;;;FALSE;FALSE;;;;;;;;;;;;;;;;;;;;
2002/02/15;Wales;France;0;20;2002 Women's Six Nations Championship;;;;FALSE;FALSE;;;;;;;;;;;;;;;;;;;;
2002/02/16;Spain;Scotland;14;17;2002 Women's Six Nations Championship;;;;FALSE;FALSE;;;;;;;;;;;;;;;;;;;;
2002/02/17;England;Ireland;79;0;2002 Women's Six Nations Championship;;;;FALSE;FALSE;;;;;;;;;;;;;;;;;;;;
2002/03/01;France;England;22;17;2002 Women's Six Nations Championship;;;;FALSE;FALSE;;;;;;;;;;;;;;;;;;;;
2002/03/02;Spain;Wales;20;0;2002 Women's Six Nations Championship;;;;FALSE;FALSE;;;;;;;;;;;;;;;;;;;;
2002/03/02;Ireland;Scotland;0;13;2002 Women's Six Nations Championship;;;;FALSE;FALSE;;;;;;;;;;;;;;;;;;;;
2002/03/20;Netherlands;Sweden;0;22;2002 FIRA Women's European Nations Cup;;;;FALSE;FALSE;;;;;;;;;;;;;;;;;;;;
2002/03/20;Italy;Germany;16;0;2002 FIRA Women's European Nations Cup;;;;FALSE;FALSE;;;;;;;;;;;;;;;;;;;;
2002/03/23;England;Wales;40;0;2002 Women's Six Nations Championship;;;;FALSE;FALSE;;;;;;;;;;;;;;;;;;;;
2002/03/23;Germany;Netherlands;12;10;2002 FIRA Women's European Nations Cup;;;;FALSE;FALSE;;;;;;;;;;;;;;;;;;;;
2002/03/23;Italy;Sweden;35;24;2002 FIRA Women's European Nations Cup;;;;FALSE;FALSE;;;;;;;;;;;;;;;;;;;;
2002/03/24;Scotland;France;12;22;2002 Women's Six Nations Championship;;;;FALSE;FALSE;;;;;;;;;;;;;;;;;;;;
2002/03/25;Ireland;Spain;6;8;2002 Women's Six Nations Championship;;;;FALSE;FALSE;;;;;;;;;;;;;;;;;;;;
2002/04/05;France;Ireland;46;0;2002 Women's Six Nations Championship;;;;FALSE;FALSE;;;;;;;;;;;;;;;;;;;;
2002/04/07;Spain;England;14;53;2002 Women's Six Nations Championship;;;;FALSE;FALSE;;;;;;;;;;;;;;;;;;;;
2002/04/07;Wales;Scotland;3;31;2002 Women's Six Nations Championship;;;;FALSE;FALSE;;;;;;;;;;;;;;;;;;;;
2002/05/13;Germany;New Zealand;0;117;2002 Women's Rugby World Cup;;;;FALSE;TRUE;;;;;;;;;;;;;;;;;;;;
2002/05/13;Australia;Wales;30;0;2002 Women's Rugby World Cup;;;;FALSE;TRUE;;;;;;;;;;;;;;;;;;;;
2002/05/13;United States;Netherlands;87;0;2002 Women's Rugby World Cup;;;;FALSE;TRUE;;;;;;;;;;;;;;;;;;;;
2002/05/13;France;Kazakhstan;31;12;2002 Women's Rugby World Cup;;;;FALSE;TRUE;;;;;;;;;;;;;;;;;;;;
2002/05/13;England;Italy;63;9;2002 Women's Rugby World Cup;;;;FALSE;TRUE;;;;;;;;;;;;;;;;;;;;
2002/05/13;Spain;Japan;62;0;2002 Women's Rugby World Cup;;;;FALSE;TRUE;;;;;;;;;;;;;;;;;;;;
2002/05/13;Canada;Ireland;57;0;2002 Women's Rugby World Cup;;;;FALSE;TRUE;;;;;;;;;;;;;;;;;;;;
2002/05/13;Scotland;Samoa;13;3;2002 Women's Rugby World Cup;;;;FALSE;TRUE;;;;;;;;;;;;;;;;;;;;
2002/05/17;Germany;Wales;0;77;2002 Women's Rugby World Cup;;;;FALSE;TRUE;;;;;;;;;;;;;;;;;;;;
2002/05/17;Netherlands;Kazakhstan;10;37;2002 Women's Rugby World Cup;;;;FALSE;TRUE;;;;;;;;;;;;;;;;;;;;
2002/05/17;Italy;Japan;30;3;2002 Women's Rugby World Cup;;;;FALSE;TRUE;;;;;;;;;;;;;;;;;;;;
2002/05/17;Ireland;Samoa;0;22;2002 Women's Rugby World Cup;;;;FALSE;TRUE;;;;;;;;;;;;;;;;;;;;
2002/05/18;Australia;New Zealand;3;36;2002 Women's Rugby World Cup;;;;FALSE;TRUE;;;;;;;;;;;;;;;;;;;;
2002/05/18;France;United States;21;9;2002 Women's Rugby World Cup;;;;FALSE;TRUE;;;;;;;;;;;;;;;;;;;;
2002/05/18;Spain;England;5;13;2002 Women's Rugby World Cup;;;;FALSE;TRUE;;;;;;;;;;;;;;;;;;;;
2002/05/18;Canada;Scotland;11;0;2002 Women's Rugby World Cup;;;;FALSE;TRUE;;;;;;;;;;;;;;;;;;;;
2002/05/20;Germany;Ireland;0;18;2002 Women's Rugby World Cup;;;;FALSE;TRUE;;;;;;;;;;;;;;;;;;;;
2002/05/20;Japan;Netherlands;37;3;2002 Women's Rugby World Cup;;;;FALSE;TRUE;;;;;;;;;;;;;;;;;;;;
2002/05/20;Wales;Italy;35;3;2002 Women's Rugby World Cup;;;;FALSE;TRUE;;;;;;;;;;;;;;;;;;;;
2002/05/20;Samoa;Kazakhstan;9;3;2002 Women's Rugby World Cup;;;;FALSE;TRUE;;;;;;;;;;;;;;;;;;;;
2002/05/21;Australia;United States;17;5;2002 Women's Rugby World Cup;;;;FALSE;TRUE;;;;;;;;;;;;;;;;;;;;
2002/05/21;Spain;Scotland;16;23;2002 Women's Rugby World Cup;;;;FALSE;TRUE;;;;;;;;;;;;;;;;;;;;
2002/05/21;New Zealand;France;30;0;2002 Women's Rugby World Cup;;;;FALSE;TRUE;;;;;;;;;;;;;;;;;;;;
2002/05/21;Canada;England;10;53;2002 Women's Rugby World Cup;;;;FALSE;TRUE;;;;;;;;;;;;;;;;;;;;
2002/05/24;Germany;Netherlands;19;20;2002 Women's Rugby World Cup;;;;FALSE;TRUE;;;;;;;;;;;;;;;;;;;;
2002/05/24;Ireland;Japan;23;3;2002 Women's Rugby World Cup;;;;FALSE;TRUE;;;;;;;;;;;;;;;;;;;;
2002/05/24;Italy;Kazakhstan;3;20;2002 Women's Rugby World Cup;;;;FALSE;TRUE;;;;;;;;;;;;;;;;;;;;
2002/05/24;Wales;Samoa;14;17;2002 Women's Rugby World Cup;;;;FALSE;TRUE;;;;;;;;;;;;;;;;;;;;
2002/05/25;Spain;United States;5;23;2002 Women's Rugby World Cup;;;;FALSE;TRUE;;;;;;;;;;;;;;;;;;;;
2002/05/25;Australia;Scotland;30;0;2002 Women's Rugby World Cup;;;;FALSE;TRUE;;;;;;;;;;;;;;;;;;;;
2002/05/25;France;Canada;41;7;2002 Women's Rugby World Cup;;;;FALSE;TRUE;;;;;;;;;;;;;;;;;;;;
2002/05/25;England;New Zealand;9;19;2002 Women's Rugby World Cup;;;;FALSE;TRUE;;;;;;;;;;;;;;;;;;;;
2003/02/15;England;France;57;0;2003 Women's Six Nations Championship;;;;FALSE;FALSE;;;;;;;;;;;;;;;;;;;;
2003/02/15;Wales;Spain;44;0;2003 Women's Six Nations Championship;;;;FALSE;FALSE;;;;;;;;;;;;;;;;;;;;
2003/02/15;Scotland;Ireland;25;0;2003 Women's Six Nations Championship;;;;FALSE;FALSE;;;;;;;;;;;;;;;;;;;;
2003/02/21;Wales;England;7;69;2003 Women's Six Nations Championship;;;;FALSE;FALSE;;;;;;;;;;;;;;;;;;;;
2003/02/22;France;Scotland;14;19;2003 Women's Six Nations Championship;;;;FALSE;FALSE;;;;;;;;;;;;;;;;;;;;
2003/02/22;Spain;Ireland;0;16;2003 Women's Six Nations Championship;;;;FALSE;FALSE;;;;;;;;;;;;;;;;;;;;
2003/03/09;Ireland;France;0;20;2003 Women's Six Nations Championship;;;;FALSE;FALSE;;;;;;;;;;;;;;;;;;;;
2003/03/09;England;Spain;69;0;2003 Women's Six Nations Championship;;;;FALSE;FALSE;;;;;;;;;;;;;;;;;;;;
2003/03/09;Scotland;Wales;9;8;2003 Women's Six Nations Championship;;;;FALSE;FALSE;;;;;;;;;;;;;;;;;;;;
2003/03/21;Wales;Ireland;17;0;2003 Women's Six Nations Championship;;;;FALSE;FALSE;;;;;;;;;;;;;;;;;;;;
2003/03/22;Spain;France;7;27;2003 Women's Six Nations Championship;;;;FALSE;FALSE;;;;;;;;;;;;;;;;;;;;
2003/03/22;England;Scotland;31;0;2003 Women's Six Nations Championship;;;;FALSE;FALSE;;;;;;;;;;;;;;;;;;;;
2003/03/28;Ireland;England;3;46;2003 Women's Six Nations Championship;;;;FALSE;FALSE;;;;;;;;;;;;;;;;;;;;
2003/03/28;France;Wales;34;7;2003 Women's Six Nations Championship;;;;FALSE;FALSE;;;;;;;;;;;;;;;;;;;;
2003/03/29;Scotland;Spain;48;7;2003 Women's Six Nations Championship;;;;FALSE;FALSE;;;;;;;;;;;;;;;;;;;;
2003/05/01;Sweden;France;0;9;2003 FIRA Women's European Championship;;;;FALSE;FALSE;;;;;;;;;;;;;;;;;;;;
2003/05/01;Italy;Spain;5;29;2003 FIRA Women's European Championship;;;;FALSE;FALSE;;;;;;;;;;;;;;;;;;;;
2003/05/03;Sweden;Italy;15;10;2003 FIRA Women's European Championship;;;;FALSE;FALSE;;;;;;;;;;;;;;;;;;;;
2003/05/03;France;Spain;10;16;2003 FIRA Women's European Championship;;;;FALSE;FALSE;;;;;;;;;;;;;;;;;;;;
2003/05/08;Denmark;Netherlands;0;113;2003 FIRA Women's European Championship;;;;FALSE;FALSE;;;;;;;;;;;;;;;;;;;;
2003/05/08;Germany;Norway;75;0;2003 FIRA Women's European Championship;;;;FALSE;FALSE;;;;;;;;;;;;;;;;;;;;
2003/05/11;Denmark;Norway;10;10;2003 FIRA Women's European Championship;;;;FALSE;FALSE;;;;;;;;;;;;;;;;;;;;
2003/05/11;Netherlands;Germany;19;12;2003 FIRA Women's European Championship;;;;FALSE;FALSE;;;;;;;;;;;;;;;;;;;;
2003/06/14;Canada;England;5;10;2003 Women's Churchill Cup;;;;FALSE;FALSE;;;;;;;;;;;;;;;;;;;;
2003/06/18;England;United States;15;8;2003 Women's Churchill Cup;;;;FALSE;FALSE;;;;;;;;;;;;;;;;;;;;
2003/06/20;Canada;United States;18;13;2003 Women's Churchill Cup;;;;FALSE;FALSE;;;;;;;;;;;;;;;;;;;;
2003/06/28;Canada;England;18;21;2003 Women's Churchill Cup;;;;FALSE;FALSE;;;;;;;;;;;;;;;;;;;;
2004/02/14;Wales;Scotland;10;30;2004 Women's Six Nations Championship;;;;FALSE;FALSE;;;;;;;;;;;;;;;;;;;;
2004/02/15;Spain;England;3;71;2004 Women's Six Nations Championship;;;;FALSE;FALSE;;;;;;;;;;;;;;;;;;;;
2004/02/15;France;Ireland;22;5;2004 Women's Six Nations Championship;;;;FALSE;FALSE;;;;;;;;;;;;;;;;;;;;
2004/02/21;Ireland;Wales;13;14;2004 Women's Six Nations Championship;;;;FALSE;FALSE;;;;;;;;;;;;;;;;;;;;
2004/02/21;Scotland;England;7;20;2004 Women's Six Nations Championship;;;;FALSE;FALSE;;;;;;;;;;;;;;;;;;;;
2004/02/21;France;Spain;24;0;2004 Women's Six Nations Championship;;;;FALSE;FALSE;;;;;;;;;;;;;;;;;;;;
2004/03/06;England;Ireland;51;10;2004 Women's Six Nations Championship;;;;FALSE;FALSE;;;;;;;;;;;;;;;;;;;;
2004/03/06;Spain;Scotland;6;5;2004 Women's Six Nations Championship;;;;FALSE;FALSE;;;;;;;;;;;;;;;;;;;;
2004/03/07;Wales;France;0;22;2004 Women's Six Nations Championship;;;;FALSE;FALSE;;;;;;;;;;;;;;;;;;;;
2004/03/20;England;Wales;53;3;2004 Women's Six Nations Championship;;;;FALSE;FALSE;;;;;;;;;;;;;;;;;;;;
2004/03/20;Ireland;Spain;7;8;2004 Women's Six Nations Championship;;;;FALSE;FALSE;;;;;;;;;;;;;;;;;;;;
2004/03/21;Scotland;France;12;16;2004 Women's Six Nations Championship;;;;FALSE;FALSE;;;;;;;;;;;;;;;;;;;;
2004/03/27;France;England;13;12;2004 Women's Six Nations Championship;;;;FALSE;FALSE;;;;;;;;;;;;;;;;;;;;
2004/03/27;Wales;Spain;7;12;2004 Women's Six Nations Championship;;;;FALSE;FALSE;;;;;;;;;;;;;;;;;;;;
2004/03/27;Ireland;Scotland;0;17;2004 Women's Six Nations Championship;;;;FALSE;FALSE;;;;;;;;;;;;;;;;;;;;
2004/05/01;France;Spain;24;5;2004 FIRA Women's European Championship;;;;FALSE;FALSE;;;;;;;;;;;;;;;;;;;;
2004/05/02;Ireland;Wales;7;24;2004 FIRA Women's European Championship;;;;FALSE;FALSE;;;;;;;;;;;;;;;;;;;;
2004/05/02;England;Italy;73;7;2004 FIRA Women's European Championship;;;;FALSE;FALSE;;;;;;;;;;;;;;;;;;;;
2004/05/02;Scotland;Sweden;32;0;2004 FIRA Women's European Championship;;;;FALSE;FALSE;;;;;;;;;;;;;;;;;;;;
2004/05/02;Denmark;Netherlands;3;141;2004 FIRA Women's European Championship;;;;FALSE;FALSE;;;;;;;;;;;;;;;;;;;;
2004/05/02;Germany;Norway;67;0;2004 FIRA Women's European Championship;;;;FALSE;FALSE;;;;;;;;;;;;;;;;;;;;
2004/05/05;Ireland;Italy;14;5;2004 FIRA Women's European Championship;;;;FALSE;FALSE;;;;;;;;;;;;;;;;;;;;
2004/05/05;Spain;Sweden;31;5;2004 FIRA Women's European Championship;;;;FALSE;FALSE;;;;;;;;;;;;;;;;;;;;
2004/05/05;France;Scotland;25;6;2004 FIRA Women's European Championship;;;;FALSE;FALSE;;;;;;;;;;;;;;;;;;;;
2004/05/05;England;Wales;39;3;2004 FIRA Women's European Championship;;;;FALSE;FALSE;;;;;;;;;;;;;;;;;;;;
2004/05/05;Netherlands;Norway;78;0;2004 FIRA Women's European Championship;;;;FALSE;FALSE;;;;;;;;;;;;;;;;;;;;
2004/05/05;Denmark;Germany;0;47;2004 FIRA Women's European Championship;;;;FALSE;FALSE;;;;;;;;;;;;;;;;;;;;
2004/05/08;Italy;Sweden;13;0;2004 FIRA Women's European Championship;;;;FALSE;FALSE;;;;;;;;;;;;;;;;;;;;
2004/05/08;Ireland;Spain;20;12;2004 FIRA Women's European Championship;;;;FALSE;FALSE;;;;;;;;;;;;;;;;;;;;
2004/05/08;Scotland;Wales;11;10;2004 FIRA Women's European Championship;;;;FALSE;FALSE;;;;;;;;;;;;;;;;;;;;
2004/05/08;France;England;8;6;2004 FIRA Women's European Championship;;;;FALSE;FALSE;;;;;;;;;;;;;;;;;;;;
2004/05/08;Germany;Netherlands;0;30;2004 FIRA Women's European Championship;;;;FALSE;FALSE;;;;;;;;;;;;;;;;;;;;
2004/05/08;Denmark;Norway;5;8;2004 FIRA Women's European Championship;;;;FALSE;FALSE;;;;;;;;;;;;;;;;;;;;
2004/06/08;Canada;New Zealand;5;32;2004 Women's Churchill Cup;;;;FALSE;FALSE;;;;;;;;;;;;;;;;;;;;
2004/06/13;New Zealand;United States;35;0;2004 Women's Churchill Cup;;;;FALSE;FALSE;;;;;;;;;;;;;;;;;;;;
2004/06/13;Canada;England;11;35;2004 Women's Churchill Cup;;;;FALSE;FALSE;;;;;;;;;;;;;;;;;;;;
2004/06/19;Canada;United States;10;29;2004 Women's Churchill Cup;;;;FALSE;FALSE;;;;;;;;;;;;;;;;;;;;
2004/06/19;England;New Zealand;0;38;2004 Women's Churchill Cup;;;;FALSE;FALSE;;;;;;;;;;;;;;;;;;;;
2005/02/04;France;Scotland;22;15;2005 Women's Six Nations Championship;;;;FALSE;FALSE;;;;;;;;;;;;;;;;;;;;
2005/02/04;Wales;England;0;81;2005 Women's Six Nations Championship;;;;FALSE;FALSE;;;;;;;;;;;;;;;;;;;;
2005/02/05;Spain;Ireland;19;17;2005 Women's Six Nations Championship;;;;FALSE;FALSE;;;;;;;;;;;;;;;;;;;;
2005/02/12;Spain;Wales;10;10;2005 Women's Six Nations Championship;;;;FALSE;FALSE;;;;;;;;;;;;;;;;;;;;
2005/02/12;Scotland;Ireland;15;5;2005 Women's Six Nations Championship;;;;FALSE;FALSE;;;;;;;;;;;;;;;;;;;;
2005/02/13;England;France;10;13;2005 Women's Six Nations Championship;;;;FALSE;FALSE;;;;;;;;;;;;;;;;;;;;
2005/02/25;France;Wales;48;0;2005 Women's Six Nations Championship;;;;FALSE;FALSE;;;;;;;;;;;;;;;;;;;;
2005/02/26;Scotland;Spain;19;3;2005 Women's Six Nations Championship;;;;FALSE;FALSE;;;;;;;;;;;;;;;;;;;;
2005/02/26;Ireland;England;0;32;2005 Women's Six Nations Championship;;;;FALSE;FALSE;;;;;;;;;;;;;;;;;;;;
2005/03/12;England;Spain;76;0;2005 Women's Six Nations Championship;;;;FALSE;FALSE;;;;;;;;;;;;;;;;;;;;
2005/03/13;Ireland;France;0;34;2005 Women's Six Nations Championship;;;;FALSE;FALSE;;;;;;;;;;;;;;;;;;;;
2005/03/13;Scotland;Wales;22;5;2005 Women's Six Nations Championship;;;;FALSE;FALSE;;;;;;;;;;;;;;;;;;;;
2005/03/18;Wales;Ireland;6;11;2005 Women's Six Nations Championship;;;;FALSE;FALSE;;;;;;;;;;;;;;;;;;;;
2005/03/19;Spain;France;0;39;2005 Women's Six Nations Championship;;;;FALSE;FALSE;;;;;;;;;;;;;;;;;;;;
2005/03/19;England;Scotland;22;10;2005 Women's Six Nations Championship;;;;FALSE;FALSE;;;;;;;;;;;;;;;;;;;;
2005/04/07;Netherlands;Sweden;8;7;2005 FIRA Women's European Championship;;;;FALSE;FALSE;;;;;;;;;;;;;;;;;;;;
2005/04/07;Germany;Italy;0;52;2005 FIRA Women's European Championship;;;;FALSE;FALSE;;;;;;;;;;;;;;;;;;;;
2005/04/09;Germany;Sweden;5;17;2005 FIRA Women's European Championship;;;;FALSE;FALSE;;;;;;;;;;;;;;;;;;;;
2005/04/09;Italy;Netherlands;22;3;2005 FIRA Women's European Championship;;;;FALSE;FALSE;;;;;;;;;;;;;;;;;;;;
2005/05/21;Norway;Russia;0;25;2005 FIRA Women's European Championship;;;;FALSE;FALSE;;;;;;;;;;;;;;;;;;;;
2005/05/21;Bosnia and Herzegovina;Norway;0;30;2005 FIRA Women's European Championship;;;;FALSE;FALSE;;;;;;;;;;;;;;;;;;;;
2005/05/21;Bosnia and Herzegovina;Russia;0;74;2005 FIRA Women's European Championship;;;;FALSE;FALSE;;;;;;;;;;;;;;;;;;;;
2005/05/23;Norway;Russia;0;49;2005 FIRA Women's European Championship;;;;FALSE;FALSE;;;;;;;;;;;;;;;;;;;;
2005/05/23;Bosnia and Herzegovina;Norway;0;22;2005 FIRA Women's European Championship;;;;FALSE;FALSE;;;;;;;;;;;;;;;;;;;;
2005/05/23;Bosnia and Herzegovina;Russia;0;65;2005 FIRA Women's European Championship;;;;FALSE;FALSE;;;;;;;;;;;;;;;;;;;;
2005/06/03;Hong Kong;Japan;0;78;2006 Women's Rugby World Cup;;;;FALSE;FALSE;;;;;;;;;;;;;;;;;;;;
2005/06/03;Thailand;Kazakhstan;0;67;2006 Women's Rugby World Cup;;;;FALSE;FALSE;;;;;;;;;;;;;;;;;;;;
2005/06/05;Thailand;Hong Kong;20;18;2006 Women's Rugby World Cup;;;;FALSE;FALSE;;;;;;;;;;;;;;;;;;;;
2005/06/05;Kazakhstan;Japan;19;3;2006 Women's Rugby World Cup;;;;FALSE;FALSE;;;;;;;;;;;;;;;;;;;;
2006/02/04;Ireland;Spain;25;10;2006 Women's Six Nations Championship;;;;FALSE;FALSE;;;;;;;;;;;;;;;;;;;;
2006/02/04;England;Wales;38;15;2006 Women's Six Nations Championship;;;;FALSE;FALSE;;;;;;;;;;;;;;;;;;;;
2006/02/05;Scotland;France;3;23;2006 Women's Six Nations Championship;;;;FALSE;FALSE;;;;;;;;;;;;;;;;;;;;
2006/02/10;France;Ireland;32;0;2006 Women's Six Nations Championship;;;;FALSE;FALSE;;;;;;;;;;;;;;;;;;;;
2006/02/11;Spain;England;3;86;2006 Women's Six Nations Championship;;;;FALSE;FALSE;;;;;;;;;;;;;;;;;;;;
2006/02/11;Wales;Scotland;5;0;2006 Women's Six Nations Championship;;;;FALSE;FALSE;;;;;;;;;;;;;;;;;;;;
2006/02/25;Ireland;Wales;7;14;2006 Women's Six Nations Championship;;;;FALSE;FALSE;;;;;;;;;;;;;;;;;;;;
2006/02/25;Scotland;England;5;22;2006 Women's Six Nations Championship;;;;FALSE;FALSE;;;;;;;;;;;;;;;;;;;;
2006/02/25;France;Spain;38;0;2006 Women's Six Nations Championship;;;;FALSE;FALSE;;;;;;;;;;;;;;;;;;;;
2006/03/10;Wales;Spain;10;0;2006 Women's Six Nations Championship;;;;FALSE;FALSE;;;;;;;;;;;;;;;;;;;;
2006/03/10;Ireland;Scotland;0;9;2006 Women's Six Nations Championship;;;;FALSE;FALSE;;;;;;;;;;;;;;;;;;;;
2006/03/11;France;England;0;28;2006 Women's Six Nations Championship;;;;FALSE;FALSE;;;;;;;;;;;;;;;;;;;;
2006/03/17;Wales;France;11;10;2006 Women's Six Nations Championship;;;;FALSE;FALSE;;;;;;;;;;;;;;;;;;;;
2006/03/17;England;Ireland;29;10;2006 Women's Six Nations Championship;;;;FALSE;FALSE;;;;;;;;;;;;;;;;;;;;
2006/03/18;Spain;Scotland;12;16;2006 Women's Six Nations Championship;;;;FALSE;FALSE;;;;;;;;;;;;;;;;;;;;
2006/04/14;Fiji;Samoa;15;27;Women's Pacific Tri-Nations;;;;FALSE;FALSE;;;;;;;;;;;;;;;;;;;;
2006/04/18;Tonga;Fiji;5;52;Women's Pacific Tri-Nations;;;;FALSE;FALSE;;;;;;;;;;;;;;;;;;;;
2006/04/22;Tonga;Samoa;5;60;Women's Pacific Tri-Nations;;;;FALSE;FALSE;;;;;;;;;;;;;;;;;;;;
2006/04/23;Italy;Belgium;34;0;2006 FIRA Women's European Nations Cup;;;;FALSE;FALSE;;;;;;;;;;;;;;;;;;;;
2006/04/23;Belgium;Russia;0;24;2006 FIRA Women's European Nations Cup;;;;FALSE;FALSE;;;;;;;;;;;;;;;;;;;;
2006/04/23;Italy;Russia;30;0;2006 FIRA Women's European Nations Cup;;;;FALSE;FALSE;;;;;;;;;;;;;;;;;;;;
2006/04/23;Netherlands;Norway;84;0;2006 FIRA Women's European Nations Cup;;;;FALSE;FALSE;;;;;;;;;;;;;;;;;;;;
2006/04/23;Norway;Sweden;0;34;2006 FIRA Women's European Nations Cup;;;;FALSE;FALSE;;;;;;;;;;;;;;;;;;;;
2006/04/23;Netherlands;Sweden;10;5;2006 FIRA Women's European Nations Cup;;;;FALSE;FALSE;;;;;;;;;;;;;;;;;;;;
2006/04/26;Netherlands;Russia;53;5;2006 FIRA Women's European Nations Cup;;;;FALSE;FALSE;;;;;;;;;;;;;;;;;;;;
2006/04/26;Italy;Sweden;33;0;2006 FIRA Women's European Nations Cup;;;;FALSE;FALSE;;;;;;;;;;;;;;;;;;;;
2006/04/26;Belgium;Norway;41;0;2006 FIRA Women's European Nations Cup;;;;FALSE;FALSE;;;;;;;;;;;;;;;;;;;;
2006/04/30;Italy;Netherlands;28;7;2006 FIRA Women's European Nations Cup;;;;FALSE;FALSE;;;;;;;;;;;;;;;;;;;;
2006/04/30;Belgium;Sweden;0;32;2006 FIRA Women's European Nations Cup;;;;FALSE;FALSE;;;;;;;;;;;;;;;;;;;;
2006/04/30;Norway;Russia;5;62;2006 FIRA Women's European Nations Cup;;;;FALSE;FALSE;;;;;;;;;;;;;;;;;;;;
2006/08/31;New Zealand;Canada;66;7;2006 Women's Rugby World Cup;;;;FALSE;TRUE;;;;;;;;;;;;;;;;;;;;
2006/08/31;Spain;Scotland;0;24;2006 Women's Rugby World Cup;;;;FALSE;TRUE;;;;;;;;;;;;;;;;;;;;
2006/08/31;Kazakhstan;Samoa;0;20;2006 Women's Rugby World Cup;;;;FALSE;TRUE;;;;;;;;;;;;;;;;;;;;
2006/08/31;England;United States;18;0;2006 Women's Rugby World Cup;;;;FALSE;TRUE;;;;;;;;;;;;;;;;;;;;
2006/08/31;Australia;South Africa;68;12;2006 Women's Rugby World Cup;;;;FALSE;TRUE;10;2;6;1;6;1;2;0;2;0;0;0;;;;;Nicky Inwood;;"Tobie McGann ( (2); Ruan Sims ( (4); Tricia Brown ( (3); Kate Porter (";"Zolisa Noxeke (; Mandisa Williams ("
2006/08/31;Ireland;France;0;43;2006 Women's Rugby World Cup;;;;FALSE;TRUE;;;;;;;;;;;;;;;;;;;;
2006/09/04;New Zealand;Samoa;50;0;2006 Women's Rugby World Cup;;;;FALSE;TRUE;;;;;;;;;;;;;;;;;;;;
2006/09/04;England;South Africa;74;8;2006 Women's Rugby World Cup;;;;FALSE;TRUE;;;;;;;;;;;;;;;;;Sarah Corrigan;;;
2006/09/04;Canada;Spain;79;0;2006 Women's Rugby World Cup;;;;FALSE;TRUE;;;;;;;;;;;;;;;;;;;;
2006/09/04;Australia;France;10;24;2006 Women's Rugby World Cup;;;;FALSE;TRUE;;;;;;;;;;;;;;;;;;;;
2006/09/04;Kazakhstan;Scotland;17;32;2006 Women's Rugby World Cup;;;;FALSE;TRUE;;;;;;;;;;;;;;;;;;;;
2006/09/04;Ireland;United States;11;24;2006 Women's Rugby World Cup;;;;FALSE;TRUE;;;;;;;;;;;;;;;;;;;;
2006/09/08;New Zealand;Scotland;21;0;2006 Women's Rugby World Cup;;;;FALSE;TRUE;;;;;;;;;;;;;;;;;;;;
2006/09/08;Spain;Samoa;14;12;2006 Women's Rugby World Cup;;;;FALSE;TRUE;;;;;;;;;;;;;;;;;;;;
2006/09/08;Canada;Kazakhstan;45;5;2006 Women's Rugby World Cup;;;;FALSE;TRUE;;;;;;;;;;;;;;;;;;;;
2006/09/08;England;France;27;8;2006 Women's Rugby World Cup;;;;FALSE;TRUE;;;;;;;;;;;;;;;;;;;;
2006/09/08;Australia;United States;6;10;2006 Women's Rugby World Cup;;;;FALSE;TRUE;;;;;;;;;;;;;;;;;;;;
2006/09/08;Ireland;South Africa;37;0;2006 Women's Rugby World Cup;;;;FALSE;TRUE;6;0;2;0;2;0;1;0;1;0;0;0;;;;;Clare Daniels;;"Joy Neville (; Tania Rosser (; Fiona Coghlan (; Jeannette Feighery ( (2); Mairead Kelly (";
2006/09/12;Samoa;South Africa;43;10;2006 Women's Rugby World Cup;;;;FALSE;TRUE;;;;;;;;;;;;;;;;;;;;
2006/09/12;Spain;Kazakhstan;17;12;2006 Women's Rugby World Cup;;;;FALSE;TRUE;;;;;;;;;;;;;;;;;;;;
2006/09/12;Ireland;Scotland;10;11;2006 Women's Rugby World Cup;;;;FALSE;TRUE;;;;;;;;;;;;;;;;;;;;
2006/09/12;United States;Australia;29;12;2006 Women's Rugby World Cup;;;;FALSE;TRUE;;;;;;;;;;;;;;;;;;;;
2006/09/12;New Zealand;France;40;10;2006 Women's Rugby World Cup;;;;FALSE;TRUE;;;;;;;;;;;;;;;;;;;;
2006/09/12;Canada;England;14;20;2006 Women's Rugby World Cup;;;;FALSE;TRUE;;;;;;;;;;;;;;;;;;;;
2006/09/16;Kazakhstan;South Africa;36;0;2006 Women's Rugby World Cup;;;;FALSE;TRUE;;;;;;;;;;;;;;;;;;;;
2006/09/16;Samoa;Spain;5;10;2006 Women's Rugby World Cup;;;;FALSE;TRUE;;;;;;;;;;;;;;;;;;;;
2006/09/16;Ireland;Australia;14;18;2006 Women's Rugby World Cup;;;;FALSE;TRUE;;;;;;;;;;;;;;;;;;;;
2006/09/17;Scotland;United States;0;24;2006 Women's Rugby World Cup;;;;FALSE;TRUE;;;;;;;;;;;;;;;;;;;;
2006/09/17;Canada;France;8;17;2006 Women's Rugby World Cup;;;;FALSE;TRUE;;;;;;;;;;;;;;;;;;;;
2006/09/17;England;New Zealand;17;25;2006 Women's Rugby World Cup;;;;FALSE;TRUE;;;;;;;;;;;;;;;;;;;;
2006/11/17;China;Thailand;53;11;2006 ARFU Women's Rugby Championship;;;;FALSE;FALSE;;;;;;;;;;;;;;;;;;;;
2006/11/17;Hong Kong;Singapore;12;0;2006 ARFU Women's Rugby Championship;;;;FALSE;FALSE;;;;;;;;;;;;;;;;;;;;
2006/11/19;Thailand;Singapore;20;0;2006 ARFU Women's Rugby Championship;;;;FALSE;FALSE;;;;;;;;;;;;;;;;;;;;
2006/11/19;China;Hong Kong;31;7;2006 ARFU Women's Rugby Championship;;;;FALSE;FALSE;;;;;;;;;;;;;;;;;;;;
2007/02/03;England;Scotland;60;0;2007 Women's Six Nations Championship;;;;FALSE;FALSE;;;;;;;;;;;;;;;;;;;;
2007/02/03;Wales;Ireland;10;5;2007 Women's Six Nations Championship;;;;FALSE;FALSE;;;;;;;;;;;;;;;;;;;;
2007/02/04;Italy;France;17;37;2007 Women's Six Nations Championship;;;;FALSE;FALSE;;;;;;;;;;;;;;;;;;;;
2007/02/10;Ireland;France;10;13;2007 Women's Six Nations Championship;;;;FALSE;FALSE;;;;;;;;;;;;;;;;;;;;
2007/02/10;England;Italy;23;0;2007 Women's Six Nations Championship;;;;FALSE;FALSE;;;;;;;;;;;;;;;;;;;;
2007/02/10;Scotland;Wales;0;10;2007 Women's Six Nations Championship;;;;FALSE;FALSE;;;;;;;;;;;;;;;;;;;;
2007/02/24;Scotland;Italy;26;6;2007 Women's Six Nations Championship;;;;FALSE;FALSE;;;;;;;;;;;;;;;;;;;;
2007/02/24;France;Wales;15;0;2007 Women's Six Nations Championship;;;;FALSE;FALSE;;;;;;;;;;;;;;;;;;;;
2007/02/25;Ireland;England;0;32;2007 Women's Six Nations Championship;;;;FALSE;FALSE;;;;;;;;;;;;;;;;;;;;
2007/03/10;Scotland;Ireland;6;18;2007 Women's Six Nations Championship;;;;FALSE;FALSE;;;;;;;;;;;;;;;;;;;;
2007/03/11;Italy;Wales;0;24;2007 Women's Six Nations Championship;;;;FALSE;FALSE;;;;;;;;;;;;;;;;;;;;
2007/03/11;England;France;38;12;2007 Women's Six Nations Championship;;;;FALSE;FALSE;;;;;;;;;;;;;;;;;;;;
2007/03/17;Italy;Ireland;12;17;2007 Women's Six Nations Championship;;;;FALSE;FALSE;;;;;;;;;;;;;;;;;;;;
2007/03/17;Wales;England;0;30;2007 Women's Six Nations Championship;;;;FALSE;FALSE;;;;;;;;;;;;;;;;;;;;
2007/03/18;France;Scotland;18;10;2007 Women's Six Nations Championship;;;;FALSE;FALSE;;;;;;;;;;;;;;;;;;;;
2007/04/11;Belgium;Luxembourg;73;0;2007 FIRA Women's European Championship;;;;FALSE;FALSE;;;;;;;;;;;;;;;;;;;;
2007/04/11;Romania;Serbia;65;0;2007 FIRA Women's European Championship;;;;FALSE;FALSE;;;;;;;;;;;;;;;;;;;;
2007/04/11;Norway;Finland;12;12;2007 FIRA Women's European Championship;;;;FALSE;FALSE;;;;;;;;;;;;;;;;;;;;
2007/04/12;Belgium;Serbia;20;0;2007 FIRA Women's European Championship;;;;FALSE;FALSE;;;;;;;;;;;;;;;;;;;;
2007/04/12;Luxembourg;Romania;0;38;2007 FIRA Women's European Championship;;;;FALSE;FALSE;;;;;;;;;;;;;;;;;;;;
2007/04/12;Germany;Norway;48;0;2007 FIRA Women's European Championship;;;;FALSE;FALSE;;;;;;;;;;;;;;;;;;;;
2007/04/13;Belgium;Romania;20;0;2007 FIRA Women's European Championship;;;;FALSE;FALSE;;;;;;;;;;;;;;;;;;;;
2007/04/13;Luxembourg;Serbia;20;0;2007 FIRA Women's European Championship;;;;FALSE;FALSE;;;;;;;;;;;;;;;;;;;;
2007/04/13;Germany;Finland;32;0;2007 FIRA Women's European Championship;;;;FALSE;FALSE;;;;;;;;;;;;;;;;;;;;
2007/04/15;Norway;Serbia;62;0;2007 FIRA Women's European Championship;;;;FALSE;FALSE;;;;;;;;;;;;;;;;;;;;
2007/04/15;Finland;Luxembourg;14;7;2007 FIRA Women's European Championship;;;;FALSE;FALSE;;;;;;;;;;;;;;;;;;;;
2007/04/15;Germany;Romania;15;0;2007 FIRA Women's European Championship;;;;FALSE;FALSE;;;;;;;;;;;;;;;;;;;;
2007/04/28;England;Russia;62;0;2007 FIRA Women's European Championship;;;;FALSE;FALSE;;;;;;;;;;;;;;;;;;;;
2007/04/28;Spain;Italy;15;6;2007 FIRA Women's European Championship;;;;FALSE;FALSE;;;;;;;;;;;;;;;;;;;;
2007/04/28;France;Sweden;12;0;2007 FIRA Women's European Championship;;;;FALSE;FALSE;;;;;;;;;;;;;;;;;;;;
2007/04/28;Netherlands;Wales;12;3;2007 FIRA Women's European Championship;;;;FALSE;FALSE;;;;;;;;;;;;;;;;;;;;
2007/04/30;England;Italy;41;11;2007 FIRA Women's European Championship;;;;FALSE;FALSE;;;;;;;;;;;;;;;;;;;;
2007/04/30;Spain;Russia;54;3;2007 FIRA Women's European Championship;;;;FALSE;FALSE;;;;;;;;;;;;;;;;;;;;
2007/04/30;France;Netherlands;27;8;2007 FIRA Women's European Championship;;;;FALSE;FALSE;;;;;;;;;;;;;;;;;;;;
2007/04/30;Sweden;Wales;18;8;2007 FIRA Women's European Championship;;;;FALSE;FALSE;;;;;;;;;;;;;;;;;;;;
2007/05/02;Italy;Russia;50;5;2007 FIRA Women's European Championship;;;;FALSE;FALSE;;;;;;;;;;;;;;;;;;;;
2007/05/02;Spain;England;22;22;2007 FIRA Women's European Championship;;;;FALSE;FALSE;;;;;;;;;;;;;;;;;;;;
2007/05/02;France;Wales;17;10;2007 FIRA Women's European Championship;;;;FALSE;FALSE;;;;;;;;;;;;;;;;;;;;
2007/05/02;Netherlands;Sweden;20;5;2007 FIRA Women's European Championship;;;;FALSE;FALSE;;;;;;;;;;;;;;;;;;;;
2007/05/05;Russia;Wales;14;38;2007 FIRA Women's European Championship;;;;FALSE;FALSE;;;;;;;;;;;;;;;;;;;;
2007/05/05;Italy;Sweden;0;6;2007 FIRA Women's European Championship;;;;FALSE;FALSE;;;;;;;;;;;;;;;;;;;;
2007/05/05;Spain;Netherlands;37;0;2007 FIRA Women's European Championship;;;;FALSE;FALSE;;;;;;;;;;;;;;;;;;;;
2007/05/05;England;France;27;17;2007 FIRA Women's European Championship;;;;FALSE;FALSE;;;;;;;;;;;;;;;;;;;;
2007/11/02;China;Singapore;39;6;2007 ARFU Women's Rugby Championship;;;;FALSE;FALSE;;;;;;;;;;;;;;;;;;;;
2007/11/02;Japan;Kazakhstan;6;10;2007 ARFU Women's Rugby Championship;;;;FALSE;FALSE;;;;;;;;;;;;;;;;;;;;
2007/11/04;Japan;Singapore;20;7;2007 ARFU Women's Rugby Championship;;;;FALSE;FALSE;;;;;;;;;;;;;;;;;;;;
2007/11/04;China;Kazakhstan;5;34;2007 ARFU Women's Rugby Championship;;;;FALSE;FALSE;;;;;;;;;;;;;;;;;;;;
2008/02/01;Ireland;Italy;19;0;2008 Women's Six Nations Championship;;;;FALSE;FALSE;;;;;;;;;;;;;;;;;;;;
2008/02/02;England;Wales;55;0;2008 Women's Six Nations Championship;;;;FALSE;FALSE;;;;;;;;;;;;;;;;;;;;
2008/02/03;Scotland;France;15;43;2008 Women's Six Nations Championship;;;;FALSE;FALSE;;;;;;;;;;;;;;;;;;;;
2008/02/09;Italy;England;6;76;2008 Women's Six Nations Championship;;;;FALSE;FALSE;;;;;;;;;;;;;;;;;;;;
2008/02/10;Wales;Scotland;23;6;2008 Women's Six Nations Championship;;;;FALSE;FALSE;;;;;;;;;;;;;;;;;;;;
2008/02/10;France;Ireland;26;17;2008 Women's Six Nations Championship;;;;FALSE;FALSE;;;;;;;;;;;;;;;;;;;;
2008/02/22;Ireland;Scotland;13;3;2008 Women's Six Nations Championship;;;;FALSE;FALSE;;;;;;;;;;;;;;;;;;;;
2008/02/23;France;England;0;31;2008 Women's Six Nations Championship;;;;FALSE;FALSE;;;;;;;;;;;;;;;;;;;;
2008/02/24;Wales;Italy;27;5;2008 Women's Six Nations Championship;;;;FALSE;FALSE;;;;;;;;;;;;;;;;;;;;
2008/03/07;Ireland;Wales;10;19;2008 Women's Six Nations Championship;;;;FALSE;FALSE;;;;;;;;;;;;;;;;;;;;
2008/03/08;Scotland;England;5;34;2008 Women's Six Nations Championship;;;;FALSE;FALSE;;;;;;;;;;;;;;;;;;;;
2008/03/08;France;Italy;35;6;2008 Women's Six Nations Championship;;;;FALSE;FALSE;;;;;;;;;;;;;;;;;;;;
2008/03/15;England;Ireland;17;7;2008 Women's Six Nations Championship;;;;FALSE;FALSE;;;;;;;;;;;;;;;;;;;;
2008/03/15;Wales;France;3;0;2008 Women's Six Nations Championship;;;;FALSE;FALSE;;;;;;;;;;;;;;;;;;;;
2008/03/16;Italy;Scotland;31;10;2008 Women's Six Nations Championship;;;;FALSE;FALSE;;;;;;;;;;;;;;;;;;;;
2008/05/17;England;Sweden;80;3;2008 FIRA Women's European Championship;;;;FALSE;FALSE;;;;;;;;;;;;;;;;;;;;
2008/05/17;Netherlands;France;3;24;2008 FIRA Women's European Championship;;;;FALSE;FALSE;;;;;;;;;;;;;;;;;;;;
2008/05/17;Scotland;Wales;10;27;2008 FIRA Women's European Championship;;;;FALSE;FALSE;;;;;;;;;;;;;;;;;;;;
2008/05/17;Ireland;Spain;41;7;2008 FIRA Women's European Championship;;;;FALSE;FALSE;;;;;;;;;;;;;;;;;;;;
2008/05/19;Belgium;Germany;0;5;2008 FIRA Women's European Championship;;;;FALSE;FALSE;;;;;;;;;;;;;;;;;;;;
2008/05/19;Finland;Romania;5;13;2008 FIRA Women's European Championship;;;;FALSE;FALSE;;;;;;;;;;;;;;;;;;;;
2008/05/19;Finland;Russia;0;39;2008 FIRA Women's European Championship;;;;FALSE;FALSE;;;;;;;;;;;;;;;;;;;;
2008/05/19;Romania;Russia;3;32;2008 FIRA Women's European Championship;;;;FALSE;FALSE;;;;;;;;;;;;;;;;;;;;
2008/05/20;England;Ireland;22;11;2008 FIRA Women's European Championship;;;;FALSE;FALSE;;;;;;;;;;;;;;;;;;;;
2008/05/20;France;Wales;10;18;2008 FIRA Women's European Championship;;;;FALSE;FALSE;;;;;;;;;;;;;;;;;;;;
2008/05/20;Sweden;Spain;0;20;2008 FIRA Women's European Championship;;;;FALSE;FALSE;;;;;;;;;;;;;;;;;;;;
2008/05/20;Netherlands;Scotland;0;26;2008 FIRA Women's European Championship;;;;FALSE;FALSE;;;;;;;;;;;;;;;;;;;;
2008/05/21;Belgium;Russia;0;22;2008 FIRA Women's European Championship;;;;FALSE;FALSE;;;;;;;;;;;;;;;;;;;;
2008/05/21;Belgium;Romania;15;7;2008 FIRA Women's European Championship;;;;FALSE;FALSE;;;;;;;;;;;;;;;;;;;;
2008/05/21;Romania;Russia;0;29;2008 FIRA Women's European Championship;;;;FALSE;FALSE;;;;;;;;;;;;;;;;;;;;
2008/05/21;Finland;Germany;3;39;2008 FIRA Women's European Championship;;;;FALSE;FALSE;;;;;;;;;;;;;;;;;;;;
2008/05/23;Finland;Romania;5;12;2008 FIRA Women's European Championship;;;;FALSE;FALSE;;;;;;;;;;;;;;;;;;;;
2008/05/23;Belgium;Germany;15;19;2008 FIRA Women's European Championship;;;;FALSE;FALSE;;;;;;;;;;;;;;;;;;;;
2008/05/24;Netherlands;Sweden;7;6;2008 FIRA Women's European Championship;;;;FALSE;FALSE;;;;;;;;;;;;;;;;;;;;
2008/05/24;Scotland;Spain;27;25;2008 FIRA Women's European Championship;;;;FALSE;FALSE;;;;;;;;;;;;;;;;;;;;
2008/05/24;France;Ireland;22;22;2008 FIRA Women's European Championship;;;;FALSE;FALSE;;;;;;;;;;;;;;;;;;;;
2008/05/24;England;Wales;12;6;2008 FIRA Women's European Championship;;;;FALSE;FALSE;;;;;;;;;;;;;;;;;;;;
2008/06/03;Kyrgyzstan;Singapore;0;38;2008 ARFU Women's Rugby Championship;;;;FALSE;FALSE;;;;;;;;;;;;;;;;;;;;
2008/06/03;Hong Kong;Uzbekistan;6;8;2008 ARFU Women's Rugby Championship;;;;FALSE;FALSE;;;;;;;;;;;;;;;;;;;;
2008/06/05;Kazakhstan;Uzbekistan;64;3;2008 ARFU Women's Rugby Championship;;;;FALSE;FALSE;;;;;;;;;;;;;;;;;;;;
2008/06/05;Japan;Singapore;17;10;2008 ARFU Women's Rugby Championship;;;;FALSE;FALSE;;;;;;;;;;;;;;;;;;;;
2008/06/07;Hong Kong;Kyrgyzstan;49;0;2008 ARFU Women's Rugby Championship;;;;FALSE;FALSE;;;;;;;;;;;;;;;;;;;;
2008/06/07;Singapore;Uzbekistan;0;15;2008 ARFU Women's Rugby Championship;;;;FALSE;FALSE;;;;;;;;;;;;;;;;;;;;
2008/06/07;Kazakhstan;Japan;39;3;2008 ARFU Women's Rugby Championship;;;;FALSE;FALSE;;;;;;;;;;;;;;;;;;;;
2008/08/22;England;United States;17;14;2008 Nations Cup (women's rugby union);;;;FALSE;FALSE;;;;;;;;;;;;;;;;;;;;
2008/08/24;England;Canada;43;9;2008 Nations Cup (women's rugby union);;;;FALSE;FALSE;;;;;;;;;;;;;;;;;;;;
2008/08/26;Canada;United States;15;0;2008 Nations Cup (women's rugby union);;;;FALSE;FALSE;;;;;;;;;;;;;;;;;;;;
2009/02/06;Ireland;France;7;5;2009 Women's Six Nations Championship;;;;FALSE;FALSE;;;;;;;;;;;;;;;;;David Jones;;;
2009/02/07;England;Italy;69;13;2009 Women's Six Nations Championship;;;;FALSE;FALSE;;;;;;;;;;;;;;;;;Michael Black;;;
2009/02/08;Scotland;Wales;10;31;2009 Women's Six Nations Championship;;;;FALSE;FALSE;;;;;;;;;;;;;;;;;Stefano Roscini;;;
2009/02/14;Wales;England;16;15;2009 Women's Six Nations Championship;;;;FALSE;FALSE;;;;;;;;;;;;;;;;;Cammy Rudkin;;;
2009/02/14;Italy;Ireland;17;35;2009 Women's Six Nations Championship;;;;FALSE;FALSE;;;;;;;;;;;;;;;;;Laurent Lavin;;;
2009/02/15;France;Scotland;25;12;2009 Women's Six Nations Championship;;;;FALSE;FALSE;;;;;;;;;;;;;;;;;Stephen Lee;;;
2009/02/27;Ireland;England;13;29;2009 Women's Six Nations Championship;;;;FALSE;FALSE;;;;;;;;;;;;;;;;;Wayne Davies;;;
2009/02/28;Scotland;Italy;13;10;2009 Women's Six Nations Championship;;;;FALSE;FALSE;;;;;;;;;;;;;;;;;John Carvill;;;
2009/02/28;France;Wales;27;5;2009 Women's Six Nations Championship;;;;FALSE;FALSE;;;;;;;;;;;;;;;;;Mauro Dordolo;;;
2009/03/13;Scotland;Ireland;0;23;2009 Women's Six Nations Championship;;;;FALSE;FALSE;;;;;;;;;;;;;;;;;Brendan Fitzmaurice;;;
2009/03/15;England;France;52;7;2009 Women's Six Nations Championship;;;;FALSE;FALSE;;;;;;;;;;;;;;;;;Stefano Traversi;;;
2009/03/15;Italy;Wales;7;29;2009 Women's Six Nations Championship;;;;FALSE;FALSE;;;;;;;;;;;;;;;;;James Matthew;;;
2009/03/21;Wales;Ireland;13;10;2009 Women's Six Nations Championship;;;;FALSE;FALSE;;;;;;;;;;;;;;;;;Claire Daniels;;;
2009/03/21;England;Scotland;72;3;2009 Women's Six Nations Championship;;;;FALSE;FALSE;;;;;;;;;;;;;;;;;Patrick Pechambert;;;
2009/03/22;Italy;France;10;14;2009 Women's Six Nations Championship;;;;FALSE;FALSE;;;;;;;;;;;;;;;;;Colin Kirkhouse;;;
2009/05/17;Belgium;Netherlands;0;100;2009 FIRA Women's European Trophy;;;;FALSE;FALSE;;;;;;;;;;;;;;;;;Barbara Guastini;;;
2009/05/17;Russia;Scotland;0;84;2009 FIRA Women's European Trophy;;;;FALSE;FALSE;;;;;;;;;;;;;;;;;Andrea Ttofa;;;
2009/05/17;Germany;Spain;0;74;2009 FIRA Women's European Trophy;;;;FALSE;FALSE;;;;;;;;;;;;;;;;;Aoife McCarthy;;;
2009/05/17;Sweden;Italy;16;14;2009 FIRA Women's European Trophy;;;;FALSE;FALSE;;;;;;;;;;;;;;;;;Alain Falaise;;;
2009/05/20;Belgium;Scotland;0;71;2009 FIRA Women's European Trophy;;;;FALSE;FALSE;;;;;;;;;;;;;;;;;Alain Falaise;;;
2009/05/20;Netherlands;Russia;34;0;2009 FIRA Women's European Trophy;;;;FALSE;FALSE;;;;;;;;;;;;;;;;;Barbara Guastini;;;
2009/05/20;Germany;Italy;0;47;2009 FIRA Women's European Trophy;;;;FALSE;FALSE;;;;;;;;;;;;;;;;;Paloma Loza;;;
2009/05/20;Sweden;Spain;11;6;2009 FIRA Women's European Trophy;;;;FALSE;FALSE;;;;;;;;;;;;;;;;;Aofie McCarthy;;;
2009/05/23;Belgium;Russia;11;29;2009 FIRA Women's European Trophy;;;;FALSE;FALSE;;;;;;;;;;;;;;;;;Paloma Loza;;;
2009/05/23;Netherlands;Scotland;18;38;2009 FIRA Women's European Trophy;;;;FALSE;FALSE;;;;;;;;;;;;;;;;;Jean-Pierre Matheu;;;
2009/05/23;Sweden;Germany;38;6;2009 FIRA Women's European Trophy;;;;FALSE;FALSE;;;;;;;;;;;;;;;;;Aoife McCarthy;;;
2009/05/23;Italy;Spain;7;12;2009 FIRA Women's European Trophy;;;;FALSE;FALSE;;;;;;;;;;;;;;;;;Andrea Ttofa;;;
2009/08/08;Samoa;Australia;0;87;2010 Women's Rugby World Cup qualifying;;;;FALSE;FALSE;;;;;;;;;;;;;;;;;;;;
2009/08/10;France;South Africa;17;17;2009 Nations Cup (women's rugby union);;;;FALSE;FALSE;;;;;;;;;;;;;;;;;;;;
2009/08/10;England;United States;36;7;2009 Nations Cup (women's rugby union);;;;FALSE;FALSE;;;;;;;;;;;;;;;;;;;;
2009/08/13;England;France;43;8;2009 Nations Cup (women's rugby union);;;;FALSE;FALSE;;;;;;;;;;;;;;;;;;;;
2009/08/13;Canada;South Africa;35;17;2009 Nations Cup (women's rugby union);;;;FALSE;FALSE;;;;;;;;;;;;;;;;;;;;
2009/08/16;South Africa;United States;0;39;2009 Nations Cup (women's rugby union);;;;FALSE;FALSE;;;;;;;;;;;;;;;;;;;;
2009/08/16;Canada;France;7;12;2009 Nations Cup (women's rugby union);;;;FALSE;FALSE;;;;;;;;;;;;;;;;;;;;
2009/08/19;England;South Africa;25;0;2009 Nations Cup (women's rugby union);;;;FALSE;FALSE;;;;;;;;;;;;;;;;;;;;
2009/08/19;Canada;United States;10;15;2009 Nations Cup (women's rugby union);;;;FALSE;FALSE;;;;;;;;;;;;;;;;;;;;
2009/08/22;France;United States;15;15;2009 Nations Cup (women's rugby union);;;;FALSE;FALSE;;;;;;;;;;;;;;;;;;;;
2009/08/22;Canada;England;0;22;2009 Nations Cup (women's rugby union);;;;FALSE;FALSE;;;;;;;;;;;;;;;;;;;;
2009/11/04;Singapore;Japan;11;35;2010 Women's Rugby World Cup qualifying;;;;FALSE;FALSE;;;;;;;;;;;;;;;;;;;;
2009/11/04;Hong Kong;Kazakhstan;14;58;2010 Women's Rugby World Cup qualifying;;;;FALSE;FALSE;;;;;;;;;;;;;;;;;;;;
2009/11/06;Singapore;Hong Kong;3;16;2010 Women's Rugby World Cup qualifying;;;;FALSE;FALSE;;;;;;;;;;;;;;;;;;;;
2009/11/06;Japan;Kazakhstan;5;43;2010 Women's Rugby World Cup qualifying;;;;FALSE;FALSE;;;;;;;;;;;;;;;;;;;;
2010/02/05;Ireland;Italy;22;5;2010 Women's Six Nations Championship;;;;FALSE;FALSE;;;;;;;;;;;;;;;;;Sarah Corrigan;;;
2010/02/06;England;Wales;31;0;2010 Women's Six Nations Championship;;;;FALSE;FALSE;;;;;;;;;;;;;;;;;David Keane;;;
2010/02/06;Scotland;France;10;8;2010 Women's Six Nations Championship;;;;FALSE;FALSE;;;;;;;;;;;;;;;;;Stefano Mancini;;;
2010/02/12;France;Ireland;19;9;2010 Women's Six Nations Championship;;;;FALSE;FALSE;;;;;;;;;;;;;;;;;Clare Daniels;;;
2010/02/13;Italy;England;0;41;2010 Women's Six Nations Championship;;;;FALSE;FALSE;;;;;;;;;;;;;;;;;Mhairi Hay;;;
2010/02/14;Wales;Scotland;28;12;2010 Women's Six Nations Championship;;;;FALSE;FALSE;;;;;;;;;;;;;;;;;Sarah Corrigan;;;
2010/02/28;Wales;France;3;15;2010 Women's Six Nations Championship;;;;FALSE;FALSE;;;;;;;;;;;;;;;;;Dana Teagarden;;;
2010/02/28;Italy;Scotland;6;6;2010 Women's Six Nations Championship;;;;FALSE;FALSE;;;;;;;;;;;;;;;;;Chris Williams;;;
2010/02/28;England;Ireland;22;5;2010 Women's Six Nations Championship;;;;FALSE;FALSE;;;;;;;;;;;;;;;;;Stefano Marrama;;;
2010/03/12;Ireland;Wales;18;3;2010 Women's Six Nations Championship;;;;FALSE;FALSE;;;;;;;;;;;;;;;;;Eric Gauzins;;;
2010/03/13;Scotland;England;0;51;2010 Women's Six Nations Championship;;;;FALSE;FALSE;;;;;;;;;;;;;;;;;Paul Haycock;;;
2010/03/13;France;Italy;45;14;2010 Women's Six Nations Championship;;;;FALSE;FALSE;;;;;;;;;;;;;;;;;Charles Samson;;;
2010/03/19;Ireland;Scotland;15;3;2010 Women's Six Nations Championship;;;;FALSE;FALSE;;;;;;;;;;;;;;;;;Hervé Dubes;;;
2010/03/19;France;England;10;11;2010 Women's Six Nations Championship;;;;FALSE;FALSE;;;;;;;;;;;;;;;;;Alan Rogan;;;
2010/03/21;Wales;Italy;15;19;2010 Women's Six Nations Championship;;;;FALSE;FALSE;;;;;;;;;;;;;;;;;Andrea Ttofa;;;
2010/05/08;Netherlands;Spain;12;26;2010 FIRA Women's European Trophy;;;;FALSE;FALSE;;;;;;;;;;;;;;;;;Sylvie Bros;;;
2010/05/08;Germany;Italy;0;43;2010 FIRA Women's European Trophy;;;;FALSE;FALSE;;;;;;;;;;;;;;;;;Joyce Henry;;;
2010/05/08;Russia;Sweden;0;32;2010 FIRA Women's European Trophy;;;;FALSE;FALSE;;;;;;;;;;;;;;;;;Sherry Trumbull;;;
2010/05/10;Belgium;Netherlands;0;74;2010 FIRA Women's European Trophy;;;;FALSE;FALSE;;;;;;;;;;;;;;;;;Joyce Henry;;;
2010/05/10;Italy;Russia;33;0;2010 FIRA Women's European Trophy;;;;FALSE;FALSE;;;;;;;;;;;;;;;;;Sylvie Bros;;;
2010/05/10;Germany;Sweden;0;29;2010 FIRA Women's European Trophy;;;;FALSE;FALSE;;;;;;;;;;;;;;;;;Barbara Guastini;;;
2010/05/12;Belgium;Spain;0;66;2010 FIRA Women's European Trophy;;;;FALSE;FALSE;;;;;;;;;;;;;;;;;Katharina Pickert;;;
2010/05/12;Italy;Sweden;10;0;2010 FIRA Women's European Trophy;;;;FALSE;FALSE;;;;;;;;;;;;;;;;;Sherry Trumbull;;;
2010/05/12;Germany;Russia;14;17;2010 FIRA Women's European Trophy;;;;FALSE;FALSE;;;;;;;;;;;;;;;;;Sylvie Bros;;;
2010/05/15;Belgium;Germany;5;5;2010 FIRA Women's European Trophy;;;;FALSE;FALSE;;;;;;;;;;;;;;;;;Barbara Guastini;;;
2010/05/15;Netherlands;Sweden;47;19;2010 FIRA Women's European Trophy;;;;FALSE;FALSE;;;;;;;;;;;;;;;;;Joyce Henry;;;
2010/05/15;Italy;Spain;13;31;2010 FIRA Women's European Trophy;;;;FALSE;FALSE;;;;;;;;;;;;;;;;;Sherry Trumbull;;;
2010/05/22;Japan;Hong Kong;17;0;2010 ARFU Women's Rugby Championship;;;;FALSE;FALSE;;;;;;;;;;;;;;;;;;;;
2010/08/20;Australia;Wales;26;12;2010 Women's Rugby World Cup;;;;FALSE;TRUE;;;;;;;;;;;;;;;;;Javier Mancuso;;;
2010/08/20;New Zealand;South Africa;55;3;2010 Women's Rugby World Cup;;;;FALSE;TRUE;;;;;;;;;;;;;;;;;Andrew McMenemy;;;
2010/08/20;Kazakhstan;United States;0;51;2010 Women's Rugby World Cup;;;;FALSE;TRUE;;;;;;;;;;;;;;;;;Nicky Inwood;;;
2010/08/20;England;Ireland;27;0;2010 Women's Rugby World Cup;;;;FALSE;TRUE;;;;;;;;;;;;;;;;;Sarah Corrigan;;;
2010/08/20;Canada;Scotland;37;10;2010 Women's Rugby World Cup;;;;FALSE;TRUE;;;;;;;;;;;;;;;;;Clare Daniels;;;
2010/08/20;France;Sweden;15;9;2010 Women's Rugby World Cup;;;;FALSE;TRUE;;;;;;;;;;;;;;;;;Sherry Trumbull;;;
2010/08/24;South Africa;Wales;15;10;2010 Women's Rugby World Cup;;;;FALSE;TRUE;;;;;;;;;;;;;;;;;Joyce Henry;;;
2010/08/24;Australia;New Zealand;5;32;2010 Women's Rugby World Cup;;;;FALSE;TRUE;;;;;;;;;;;;;;;;;Dana Teagarden;;;
2010/08/24;Ireland;United States;22;12;2010 Women's Rugby World Cup;;;;FALSE;TRUE;;;;;;;;;;;;;;;;;Sébastien Minery;;;
2010/08/24;England;Kazakhstan;82;0;2010 Women's Rugby World Cup;;;;FALSE;TRUE;;;;;;;;;;;;;;;;;Javier Mancuso;;;
2010/08/24;France;Scotland;17;7;2010 Women's Rugby World Cup;;;;FALSE;TRUE;;;;;;;;;;;;;;;;;David Keane;;;
2010/08/24;Canada;Sweden;40;10;2010 Women's Rugby World Cup;;;;FALSE;TRUE;;;;;;;;;;;;;;;;;Gabriel Lee;;;
2010/08/28;New Zealand;Wales;41;8;2010 Women's Rugby World Cup;;;;FALSE;TRUE;;;;;;;;;;;;;;;;;Clare Daniels;;;
2010/08/28;Australia;South Africa;62;0;2010 Women's Rugby World Cup;;;;FALSE;TRUE;;;;;;;;;;;;;;;;;David Keane;;;
2010/08/28;Ireland;Kazakhstan;37;3;2010 Women's Rugby World Cup;;;;FALSE;TRUE;;;;;;;;;;;;;;;;;Andrew McMenemy;;;
2010/08/28;England;United States;37;10;2010 Women's Rugby World Cup;;;;FALSE;TRUE;;;;;;;;;;;;;;;;;Nicky Inwood;;;
2010/08/28;Scotland;Sweden;32;5;2010 Women's Rugby World Cup;;;;FALSE;TRUE;;;;;;;;;;;;;;;;;Sarah Corrigan;;;
2010/08/28;Canada;France;8;23;2010 Women's Rugby World Cup;;;;FALSE;TRUE;;;;;;;;;;;;;;;;;Dana Teagarden;;;
2010/09/01;South Africa;Kazakhstan;25;10;2010 Women's Rugby World Cup;;;;FALSE;TRUE;;;;;;;;;;;;;;;;;David Keane;;;
2010/09/01;Wales;Sweden;32;10;2010 Women's Rugby World Cup;;;;FALSE;TRUE;;;;;;;;;;;;;;;;;Sherry Trumbull;;;
2010/09/01;Canada;Scotland;41;0;2010 Women's Rugby World Cup;;;;FALSE;TRUE;;;;;;;;;;;;;;;;;Javier Mancuso;;;
2010/09/01;Ireland;United States;3;40;2010 Women's Rugby World Cup;;;;FALSE;TRUE;;;;;;;;;;;;;;;;;Sébastien Minery;;;
2010/09/01;New Zealand;France;45;7;2010 Women's Rugby World Cup;;;;FALSE;TRUE;;;;;;;;;;;;;;;;;Claire Daniels;;;
2010/09/01;England;Australia;15;0;2010 Women's Rugby World Cup;;;;FALSE;TRUE;;;;;;;;;;;;;;;;;Nicky Inwood;;;
2010/09/05;Sweden;Kazakhstan;8;12;2010 Women's Rugby World Cup;;;;FALSE;TRUE;;;;;;;;;;;;;;;;;Gabriel Lee;;;
2010/09/05;South Africa;Wales;17;29;2010 Women's Rugby World Cup;;;;FALSE;TRUE;;;;;;;;;;;;;;;;;Andrew McMenemy;;;
2010/09/05;Scotland;Ireland;8;32;2010 Women's Rugby World Cup;;;;FALSE;TRUE;;;;;;;;;;;;;;;;;Joyce Henry;;;
2010/09/05;Canada;United States;20;23;2010 Women's Rugby World Cup;;;;FALSE;TRUE;;;;;;;;;;;;;;;;;Sébastien Minery;;;
2010/09/05;France;Australia;8;22;2010 Women's Rugby World Cup;;;;FALSE;TRUE;;;;;;;;;;;;;;;;;Dana Teagarden;;;
2010/09/05;New Zealand;England;13;10;2010 Women's Rugby World Cup;;;;FALSE;TRUE;;;;;;;;;;;;;;;;;Sarah Corrigan;;;
2010/10/17;Laos;Thailand;12;5;2010 ARFU Women's Rugby Championship;;;;FALSE;FALSE;;;;;;;;;;;;;;;;;;;;
2010/10/17;Thailand;Philippines;0;5;2010 ARFU Women's Rugby Championship;;;;FALSE;FALSE;;;;;;;;;;;;;;;;;;;;
2010/10/17;Laos;Philippines;5;5;2010 ARFU Women's Rugby Championship;;;;FALSE;FALSE;;;;;;;;;;;;;;;;;;;;
2011/02/04;France;Scotland;53;3;2011 Women's Six Nations Championship;;;;FALSE;FALSE;;;;;;;;;;;;;;;;;Claire Hodnett;;;
2011/02/06;Italy;Ireland;5;26;2011 Women's Six Nations Championship;;;;FALSE;FALSE;;;;;;;;;;;;;;;;;Joyce Henry;;;
2011/02/06;Wales;England;0;19;2011 Women's Six Nations Championship;;;;FALSE;FALSE;;;;;;;;;;;;;;;;;Mark Patton;;;
2011/02/11;Ireland;France;12;14;2011 Women's Six Nations Championship;;;;FALSE;FALSE;;;;;;;;;;;;;;;;;Federica Guerzoni;;;
2011/02/12;England;Italy;68;5;2011 Women's Six Nations Championship;;;;FALSE;FALSE;;;;;;;;;;;;;;;;;Mhairi Hay;;;
2011/02/13;Scotland;Wales;12;41;2011 Women's Six Nations Championship;;;;FALSE;FALSE;;;;;;;;;;;;;;;;;Sylvie Bros;;;
2011/02/26;Scotland;Ireland;5;22;2011 Women's Six Nations Championship;;;;FALSE;FALSE;;;;;;;;;;;;;;;;;Claire Daniels;;;
2011/02/27;Italy;Wales;12;8;2011 Women's Six Nations Championship;;;;FALSE;FALSE;;;;;;;;;;;;;;;;;Alan Campbell;;;
2011/02/27;England;France;16;3;2011 Women's Six Nations Championship;;;;FALSE;FALSE;;;;;;;;;;;;;;;;;Wayne Davies;;;
2011/03/13;Italy;France;20;28;2011 Women's Six Nations Championship;;;;FALSE;FALSE;;;;;;;;;;;;;;;;;Nicky Inwood;;;
2011/03/13;Wales;Ireland;15;14;2011 Women's Six Nations Championship;;;;FALSE;FALSE;;;;;;;;;;;;;;;;;Federica Guerzoni;;;
2011/03/13;England;Scotland;89;0;2011 Women's Six Nations Championship;;;;FALSE;FALSE;;;;;;;;;;;;;;;;;Dana Teagarden;;;
2011/03/18;Ireland;England;0;31;2011 Women's Six Nations Championship;;;;FALSE;FALSE;;;;;;;;;;;;;;;;;Sarah Corrigan;;;
2011/03/19;France;Wales;15;0;2011 Women's Six Nations Championship;;;;FALSE;FALSE;;;;;;;;;;;;;;;;;Claire Daniels;;;
2011/03/20;Scotland;Italy;0;26;2011 Women's Six Nations Championship;;;;FALSE;FALSE;;;;;;;;;;;;;;;;;Nicky Inwood;;;
2011/04/30;Spain;Finland;119;0;2011 FIRA Women's European Trophy;;;;FALSE;FALSE;;;;;;;;;;;;;;;;;Katharina Pickert;;;
2011/04/30;Netherlands;Russia;10;17;2011 FIRA Women's European Trophy;;;;FALSE;FALSE;;;;;;;;;;;;;;;;;Alexandra Pratt;;;
2011/05/02;Finland;Sweden;0;20;2011 FIRA Women's European Trophy;;;;FALSE;FALSE;;;;;;;;;;;;;;;;;Alexandra Pratt;;;
2011/05/04;Spain;Sweden;18;3;2011 FIRA Women's European Trophy;;;;FALSE;FALSE;;;;;;;;;;;;;;;;;Alexandra Pratt;;;
2011/05/07;Finland;Russia;5;22;2011 FIRA Women's European Trophy;;;;FALSE;FALSE;;;;;;;;;;;;;;;;;Alexandra Pratt;;;
2011/05/07;Netherlands;Sweden;21;5;2011 FIRA Women's European Trophy;;;;FALSE;FALSE;;;;;;;;;;;;;;;;;Itziar Diaz;;;
2011/08/02;Canada;South Africa;52;17;2011 Nations Cup (women's rugby union);;;;FALSE;FALSE;;;;;;;;;;;;;;;;;;;;
2011/08/02;England;United States;15;11;2011 Nations Cup (women's rugby union);;;;FALSE;FALSE;;;;;;;;;;;;;;;;;;;;
2011/08/05;England;South Africa;46;8;2011 Nations Cup (women's rugby union);;;;FALSE;FALSE;;;;;;;;;;;;;;;;;;;;
2011/08/05;Canada;United States;35;17;2011 Nations Cup (women's rugby union);;;;FALSE;FALSE;;;;;;;;;;;;;;;;;;;;
2011/08/09;United States;South Africa;23;26;2011 Nations Cup (women's rugby union);;;;FALSE;FALSE;;;;;;;;;;;;;;;;;;;;
2011/08/09;Canada;England;10;22;2011 Nations Cup (women's rugby union);;;;FALSE;FALSE;;;;;;;;;;;;;;;;;;;;
2011/08/13;United States;South Africa;29;9;2011 Nations Cup (women's rugby union);;;;FALSE;FALSE;;;;;;;;;;;;;;;;;;;;
2011/08/13;Canada;England;19;41;2011 Nations Cup (women's rugby union);;;;FALSE;FALSE;;;;;;;;;;;;;;;;;;;;
2011/10/29;France;Italy;37;0;2011 end-of-year women's rugby union tests;;;;FALSE;FALSE;;;;;;;;;;;;;0;0;0;0;Christine Bigaran;;;
2011/11/02;France;England;14;5;2011 end-of-year women's rugby union tests;;;;FALSE;FALSE;;;;;;;;;;;;;0;0;0;0;Eric Lavit;;;
2011/11/05;France;England;16;15;2011 end-of-year women's rugby union tests;;;;FALSE;FALSE;;;;;;;;;;;;;0;0;0;0;n/a;;;
2011/11/06;Netherlands;Scotland;10;33;2011 end-of-year women's rugby union tests;;;;FALSE;FALSE;;;;;;;;;;;;;0;0;0;0;Clare Daniels;;;
2011/11/26;England;New Zealand;10;0;2011 end-of-year women's rugby union tests;;;;FALSE;FALSE;;;;;;;;;;;;;0;0;0;0;Steve Lee;;;
2011/11/29;England;New Zealand;21;7;2011 end-of-year women's rugby union tests;;;;FALSE;FALSE;;;;;;;;;;;;;0;0;0;0;Philip Davies;;;
2011/12/03;England;New Zealand;8;8;2011 end-of-year women's rugby union tests;;;;FALSE;FALSE;;;;;;;;;;;;;0;0;0;0;Ross Campbell;;;
2012/02/05;France;Italy;32;0;2012 Women's Six Nations Championship;;;;FALSE;FALSE;;;;;;;;;;;;;;;;;Claire Hodnett;;;
2012/02/05;Scotland;England;0;47;2012 Women's Six Nations Championship;;;;FALSE;FALSE;;;;;;;;;;;;;;;;;Sherry Trumbull;;;
2012/02/11;France;Ireland;8;7;2012 Women's Six Nations Championship;;;;FALSE;FALSE;;;;;;;;;;;;;;;;;Sherry Trumbull;;;
2012/02/12;Italy;England;3;43;2012 Women's Six Nations Championship;;;;FALSE;FALSE;;;;;;;;;;;;;;;;;;;;
2012/02/12;Wales;Scotland;20;0;2012 Women's Six Nations Championship;;;;FALSE;FALSE;;;;;;;;;;;;;;;;;;;;
2012/02/24;Ireland;Italy;40;10;2012 Women's Six Nations Championship;;;;FALSE;FALSE;;;;;;;;;;;;;;;;;Joyce Henry;;;
2012/02/25;England;Wales;33;0;2012 Women's Six Nations Championship;;;;FALSE;FALSE;;;;;;;;;;;;;;;;;Sylvie Bros;;;
2012/02/25;Scotland;France;0;23;2012 Women's Six Nations Championship;;;;FALSE;FALSE;;;;;;;;;;;;;;;;;Federica Guerzoni;;;
2012/03/03;Ireland;Wales;36;0;2012 Women's Six Nations Championship;;;;FALSE;FALSE;;;;;;;;;;;;;;;;;;;;
2012/03/09;Ireland;Scotland;20;0;2012 Women's Six Nations Championship;;;;FALSE;FALSE;;;;;;;;;;;;;;;;;Sylvie Bros;;;
2012/03/10;Wales;Italy;30;13;2012 Women's Six Nations Championship;;;;FALSE;FALSE;;;;;;;;;;;;;;;;;;;;
2012/03/11;France;England;3;15;2012 Women's Six Nations Championship;;;;FALSE;FALSE;;;;;;;;;;;;;;;;;;;;
2012/03/17;England;Ireland;23;6;2012 Women's Six Nations Championship;;;;FALSE;FALSE;;;;;;;;;;;;;;;;;;;;
2012/03/18;Italy;Scotland;29;12;2012 Women's Six Nations Championship;;;;FALSE;FALSE;;;;;;;;;;;;;;;;;;;;
2012/03/18;Wales;France;0;31;2012 Women's Six Nations Championship;;;;FALSE;FALSE;;;;;;;;;;;;;;;;;;;;
2012/05/03;Netherlands;Finland;105;0;2012 FIRA Women's European Championship;;;;FALSE;FALSE;;;;;;;;;;;;;;;;;;;;
2012/05/03;Sweden;Russia;67;0;2012 FIRA Women's European Championship;;;;FALSE;FALSE;;;;;;;;;;;;;;;;;;;;
2012/05/07;Finland;Russia;17;45;2012 FIRA Women's European Championship;;;;FALSE;FALSE;;;;;;;;;;;;;;;;;;;;
2012/05/07;Sweden;Netherlands;10;3;2012 FIRA Women's European Championship;;;;FALSE;FALSE;;;;;;;;;;;;;;;;;;;;
2012/05/13;England;Spain;61;0;2012 FIRA Women's European Championship;;;;FALSE;FALSE;;;;;;;;;;;;;;;;;;;;
2012/05/13;Italy;France;19;22;2012 FIRA Women's European Championship;;;;FALSE;FALSE;;;;;;;;;;;;;;;;;;;;
2012/05/16;Italy;England;8;32;2012 FIRA Women's European Championship;;;;FALSE;FALSE;;;;;;;;;;;;;;;;;;;;
2012/05/16;France;Spain;60;3;2012 FIRA Women's European Championship;;;;FALSE;FALSE;;;;;;;;;;;;;;;;;;;;
2012/05/19;England;France;29;25;2012 FIRA Women's European Championship;;;;FALSE;FALSE;;;;;;;;;;;;;;;;;;;;
2012/05/19;Italy;Spain;54;3;2012 FIRA Women's European Championship;;;;FALSE;FALSE;;;;;;;;;;;;;;;;;;;;
2012/07/05;Japan;Hong Kong;41;17;2012 Asia Women's Four Nations;;;;FALSE;FALSE;;;;;;;;;;;;;;;;;;;;
2012/07/05;Kazakhstan;China;51;0;2012 Asia Women's Four Nations;;;;FALSE;FALSE;;;;;;;;;;;;;;;;;;;;
2012/07/07;China;Hong Kong;3;27;2012 Asia Women's Four Nations;;;;FALSE;FALSE;;;;;;;;;;;;;;;;;;;;
2012/07/07;Japan;Kazakhstan;8;17;2012 Asia Women's Four Nations;;;;FALSE;FALSE;;;;;;;;;;;;;;;;;;;;
2012/11/03;England;France;23;13;2012 end-of-year women's rugby union tests;;;;FALSE;FALSE;;;;;;;;;;;;;0;0;0;0;Terry Hall;;;
2012/11/18;Italy;United States;20;34;2012 end-of-year women's rugby union tests;;;;FALSE;FALSE;;;;;;;;;;;;;0;0;0;0;Claire Hodnett;;;
2012/11/21;France;United States;13;0;2012 end-of-year women's rugby union tests;;;;FALSE;FALSE;;;;;;;;;;;;;0;0;0;0;Christine Bigaran;;;
2012/11/24;England;New Zealand;16;13;2012 end-of-year women's rugby union tests;;;;FALSE;FALSE;;;;;;;;;;;;;0;0;0;0;Clare Hodnett;;;
2012/11/24;France;United States;27;3;2012 end-of-year women's rugby union tests;;;;FALSE;FALSE;;;;;;;;;;;;;0;0;0;0;Clare Daniels;;;
2012/11/27;England;New Zealand;17;8;2012 end-of-year women's rugby union tests;;;;FALSE;FALSE;;;;;;;;;;;;;0;0;0;0;Clare Daniels;;;
2012/12/01;England;New Zealand;32;23;2012 end-of-year women's rugby union tests;;;;FALSE;FALSE;;;;;;;;;;;;;0;0;0;0;Sherry Trumbull;;;
2012/12/09;Italy;Spain;29;12;2012 end-of-year women's rugby union tests;;;;FALSE;FALSE;;;;;;;;;;;;;0;0;0;0;Clare Daniels;;;
2013/02/02;Italy;France;13;12;2013 Women's Six Nations Championship;;;;FALSE;FALSE;;;;;;;;;;;;;0;0;0;0;Claire Hodnett;;;
2013/02/02;England;Scotland;76;0;2013 Women's Six Nations Championship;;;;FALSE;FALSE;;;;;;;;;;;;;0;0;0;0;Christine Bigaran;;;
2013/02/03;Wales;Ireland;10;12;2013 Women's Six Nations Championship;;;;FALSE;FALSE;;;;;;;;;;;;;0;2;0;0;Claire Daniels;;;
2013/02/08;France;Wales;32;0;2013 Women's Six Nations Championship;;;;FALSE;FALSE;;;;;;;;;;;;;0;3;0;0;Federica Guerzoni;;;
2013/02/09;Ireland;England;25;0;2013 Women's Six Nations Championship;;;;FALSE;FALSE;;;;;;;;;;;;;0;1;0;0;Andrea Spadoni;;;
2013/02/10;Scotland;Italy;0;8;2013 Women's Six Nations Championship;;;;FALSE;FALSE;;;;;;;;;;;;;0;0;0;0;Sherry Trumbull;;;
2013/02/23;Scotland;Ireland;3;30;2013 Women's Six Nations Championship;;;;FALSE;FALSE;;;;;;;;;;;;;1;0;0;0;Simon Rees;;;
2013/02/23;England;France;20;30;2013 Women's Six Nations Championship;;;;FALSE;FALSE;;;;;;;;;;;;;0;1;0;0;Cammy Rudkin;;;
2013/02/24;Italy;Wales;15;16;2013 Women's Six Nations Championship;;;;FALSE;FALSE;;;;;;;;;;;;;0;0;0;0;Sylvie Bros;;;
2013/03/08;Ireland;France;15;10;2013 Women's Six Nations Championship;;;;FALSE;FALSE;;;;;;;;;;;;;0;0;0;0;Nicky Inwood;;;
2013/03/09;England;Italy;34;0;2013 Women's Six Nations Championship;;;;FALSE;FALSE;;;;;;;;;;;;;0;0;0;0;Helen O'Reilly;;;
2013/03/10;Scotland;Wales;0;13;2013 Women's Six Nations Championship;;;;FALSE;FALSE;;;;;;;;;;;;;0;0;0;0;Claire Hodnett;;;
2013/03/15;France;Scotland;76;0;2013 Women's Six Nations Championship;;;;FALSE;FALSE;;;;;;;;;;;;;1;0;0;0;Helen O'Reilly;;;
2013/03/17;Italy;Ireland;3;6;2013 Women's Six Nations Championship;;;;FALSE;FALSE;;;;;;;;;;;;;1;0;0;0;Clare Daniels;;;
2013/03/17;Wales;England;16;20;2013 Women's Six Nations Championship;;;;FALSE;FALSE;;;;;;;;;;;;;0;0;0;0;Nicky Inwood;;;
2013/04/20;Italy;Samoa;65;22;2013 Women's European Qualification Tournament;;;;FALSE;FALSE;;;;;;;;;;;;;;;;;Andrew Jackson;;;
2013/04/20;Netherlands;Scotland;7;29;2013 Women's European Qualification Tournament;;;;FALSE;FALSE;;;;;;;;;;;;;;;;;Maxime Chalon;;;
2013/04/20;Sweden;Spain;0;55;2013 Women's European Qualification Tournament;;;;FALSE;FALSE;;;;;;;;;;;;;;;;;Nigel Correl;;;
2013/04/23;Italy;Scotland;27;3;2013 Women's European Qualification Tournament;;;;FALSE;FALSE;;;;;;;;;;;;;;;;;Maxime Charlon;;;
2013/04/23;Sweden;Samoa;0;29;2013 Women's European Qualification Tournament;;;;FALSE;FALSE;;;;;;;;;;;;;;;;;Pedro Munirello;;;
2013/04/23;Netherlands;Spain;0;78;2013 Women's European Qualification Tournament;;;;FALSE;FALSE;;;;;;;;;;;;;;;;;Nigel Correl;;;
2013/04/27;Sweden;Scotland;8;63;2013 Women's European Qualification Tournament;;;;FALSE;FALSE;;;;;;;;;;;;;;;;;Andrew Jackson;;;
2013/04/27;Netherlands;Samoa;14;33;2013 Women's European Qualification Tournament;;;;FALSE;FALSE;;;;;;;;;;;;;;;;;Nigel Correl;;;
2013/04/27;Italy;Spain;7;38;2013 Women's European Qualification Tournament;;;;FALSE;FALSE;;;;;;;;;;;;;;;;;Charlon Maxime;;;
2013/06/07;United States;France;13;10;2013 mid-year women's rugby union tests;;;;FALSE;FALSE;;;;;;;;;;;;;0;0;0;0;Nicky Inwood;;;
2013/06/11;United States;France;25;27;2013 mid-year women's rugby union tests;;;;FALSE;FALSE;;;;;;;;;;;;;0;0;0;0;Olivia Nigh;;;
2013/06/14;United States;France;12;18;2013 mid-year women's rugby union tests;;;;FALSE;FALSE;;;;;;;;;;;;;0;0;0;0;Nicky Inwood;;;
2013/06/15;Kenya;Uganda;18;17;2014 Women's Rugby World Cup qualifying;;;;FALSE;FALSE;;;;;;;;;;;;;;;;;;;;
2013/06/22;Uganda;Kenya;13;8;2014 Women's Rugby World Cup qualifying;;;;FALSE;FALSE;;;;;;;;;;;;;;;;;;;;
2013/07/13;New Zealand;England;29;10;2013 mid-year women's rugby union tests;;;;FALSE;FALSE;;;;;;;;;;;;;0;0;0;0;Nicky Inwood;;;
2013/07/16;New Zealand;England;14;9;2013 mid-year women's rugby union tests;;;;FALSE;FALSE;;;;;;;;;;;;;0;0;0;0;Clare Daniels;;;
2013/07/20;New Zealand;England;29;8;2013 mid-year women's rugby union tests;;;;FALSE;FALSE;;;;;;;;;;;;;0;0;0;0;Nicky Inwood;;;
2013/07/30;Canada;England;29;25;2013 Nations Cup (women's rugby union);;;;FALSE;FALSE;;;;;;;;;;;;;;;;;;;;
2013/07/30;United States;South Africa;32;22;2013 Nations Cup (women's rugby union);;;;FALSE;FALSE;;;;;;;;;;;;;;;;;;;;
2013/08/04;England;South Africa;18;17;2013 Nations Cup (women's rugby union);;;;FALSE;FALSE;;;;;;;;;;;;;;;;;;;;
2013/08/04;United States;Canada;29;17;2013 Nations Cup (women's rugby union);;;;FALSE;FALSE;;;;;;;;;;;;;;;;;;;;
2013/08/07;Canada;South Africa;53;15;2013 Nations Cup (women's rugby union);;;;FALSE;FALSE;;;;;;;;;;;;;;;;;;;;
2013/08/07;United States;England;21;36;2013 Nations Cup (women's rugby union);;;;FALSE;FALSE;;;;;;;;;;;;;;;;;;;;
2013/08/10;United States;South Africa;61;5;2013 Nations Cup (women's rugby union);;;;FALSE;FALSE;;;;;;;;;;;;;;;;;;;;
2013/08/10;Canada;England;27;13;2013 Nations Cup (women's rugby union);;;;FALSE;FALSE;;;;;;;;;;;;;;;;;;;;
2013/09/04;Japan;Hong Kong;82;0;2013 Asia Women's Four Nations;;;;FALSE;FALSE;;;;;;;;;;;;;;;;;;;;
2013/09/04;Kazakhstan;Singapore;91;7;2013 Asia Women's Four Nations;;;;FALSE;FALSE;;;;;;;;;;;;;;;;;;;;
2013/09/07;South Africa;Uganda;63;3;2014 Women's Rugby World Cup qualifying;;;;FALSE;FALSE;;;;;;;;;;;;;;;;;;;;
2013/09/07;Singapore;Hong Kong;17;15;2013 Asia Women's Four Nations;;;;FALSE;FALSE;;;;;;;;;;;;;;;;;;;;
2013/09/07;Kazakhstan;Japan;25;23;2013 Asia Women's Four Nations;;;;FALSE;FALSE;;;;;;;;;;;;;;;;;;;;
2014/01/31;Ireland;Scotland;59;0;2014 Women's Six Nations Championship;;;;FALSE;FALSE;;;;;;;;;;;;;0;0;0;0;Claire Hodnett;;;
2014/02/01;France;England;18;6;2014 Women's Six Nations Championship;;;;FALSE;FALSE;;;;;;;;;;;;;0;0;0;0;Helen O'Reilly;;;
2014/02/02;Wales;Italy;11;12;2014 Women's Six Nations Championship;;;;FALSE;FALSE;;;;;;;;;;;;;0;0;0;0;Nicky Inwood;;;
2014/02/07;Ireland;Wales;14;6;2014 Women's Six Nations Championship;;;;FALSE;FALSE;;;;;;;;;;;;;0;0;0;0;Nicky Inwood;;;
2014/02/08;France;Italy;29;0;2014 Women's Six Nations Championship;;;;FALSE;FALSE;;;;;;;;;;;;;0;0;0;0;Claire Hodnett;;;
2014/02/09;Scotland;England;0;63;2014 Women's Six Nations Championship;;;;FALSE;FALSE;;;;;;;;;;;;;0;0;0;0;Christine Bigaran;;;
2014/02/22;England;Ireland;17;10;2014 Women's Six Nations Championship;;;;FALSE;FALSE;;;;;;;;;;;;;0;0;0;0;Sherry Trumbull;;;
2014/02/23;Italy;Scotland;45;5;2014 Women's Six Nations Championship;;;;FALSE;FALSE;;;;;;;;;;;;;0;0;0;0;Christine Bigaran;;;
2014/02/23;Wales;France;0;27;2014 Women's Six Nations Championship;;;;FALSE;FALSE;;;;;;;;;;;;;0;0;0;0;Helen O'Reilly;;;
2014/03/07;England;Wales;35;3;2014 Women's Six Nations Championship;;;;FALSE;FALSE;;;;;;;;;;;;;0;0;0;0;Jess Beard;;;
2014/03/08;Ireland;Italy;39;0;2014 Women's Six Nations Championship;;;;FALSE;FALSE;;;;;;;;;;;;;0;0;0;0;Leah Berard;;;
2014/03/09;Scotland;France;0;69;2014 Women's Six Nations Championship;;;;FALSE;FALSE;;;;;;;;;;;;;0;0;0;0;Amy Perrett;;;
2014/03/14;France;Ireland;19;15;2014 Women's Six Nations Championship;;;;FALSE;FALSE;;;;;;;;;;;;;0;0;0;0;Leah Berard;;;
2014/03/16;Wales;Scotland;25;0;2014 Women's Six Nations Championship;;;;FALSE;FALSE;;;;;;;;;;;;;0;0;0;0;Sherry Trumbull;;;
2014/03/16;Italy;England;0;24;2014 Women's Six Nations Championship;;;;FALSE;FALSE;;;;;;;;;;;;;0;0;0;0;Marlize Jordaan;;;
2014/05/18;Japan;Singapore;37;5;2014 Asia Women's Four Nations;;;;FALSE;FALSE;;;;;;;;;;;;;;;;;;;;
2014/05/18;Hong Kong;Kazakhstan;10;13;2014 Asia Women's Four Nations;;;;FALSE;FALSE;;;;;;;;;;;;;;;;;;;;
2014/05/21;Kazakhstan;Singapore;68;0;2014 Asia Women's Four Nations;;;;FALSE;FALSE;;;;;;;;;;;;;;;;;;;;
2014/05/21;Hong Kong;Japan;15;14;2014 Asia Women's Four Nations;;;;FALSE;FALSE;;;;;;;;;;;;;;;;;;;;
2014/05/24;Hong Kong;Singapore;53;5;2014 Asia Women's Four Nations;;;;FALSE;FALSE;;;;;;;;;;;;;;;;;;;;
2014/05/24;Kazakhstan;Japan;49;17;2014 Asia Women's Four Nations;;;;FALSE;FALSE;;;;;;;;;;;;;;;;;;;;
2014/06/28;Czech Republic;Switzerland;3;32;2014 Rugby Europe Women's Trophy;;;;FALSE;FALSE;;;;;;;;;;;;;;;;;;;;
2014/08/01;Canada;Spain;31;5;2014 Women's Rugby World Cup;;;;FALSE;TRUE;;;;;;;;;;;;;;;;;Nicky Inwood;;;
2014/08/01;England;Samoa;65;3;2014 Women's Rugby World Cup;;;;FALSE;TRUE;;;;;;;;;;;;;;;;;Amy Perrett;;;
2014/08/01;New Zealand;Kazakhstan;79;5;2014 Women's Rugby World Cup;;;;FALSE;TRUE;;;;;;;;;;;;;;;;;Claire Hodnett;;;
2014/08/01;United States;Ireland;17;23;2014 Women's Rugby World Cup;;;;FALSE;TRUE;;;;;;;;;;;;;;;;;Sherry Trumbull;;;
2014/08/01;Australia;South Africa;26;3;2014 Women's Rugby World Cup;;;;FALSE;TRUE;;;;;;;;;;;;;;;;;Leah Berard;;;
2014/08/01;France;Wales;26;0;2014 Women's Rugby World Cup;;;;FALSE;TRUE;;;;;;;;;;;;;;;;;Helen O'Reilly;;;
2014/08/05;England;Spain;45;5;2014 Women's Rugby World Cup;;;;FALSE;TRUE;;;;;;;;;;;;;;;;;Jess Beard;;;
2014/08/05;Canada;Samoa;42;7;2014 Women's Rugby World Cup;;;;FALSE;TRUE;;;;;;;;;;;;;;;;;Helen O'Reilly;;;
2014/08/05;United States;Kazakhstan;47;7;2014 Women's Rugby World Cup;;;;FALSE;TRUE;;;;;;;;;;;;;;;;;Alhambra Nievas;;;
2014/08/05;New Zealand;Ireland;14;17;2014 Women's Rugby World Cup;;;;FALSE;TRUE;;;;;;;;;;;;;;;;;Leah Berard;;;
2014/08/05;Australia;Wales;25;3;2014 Women's Rugby World Cup;;;;FALSE;TRUE;;;;;;;;;;;;;;;;;Sherry Trumbull;;;
2014/08/05;France;South Africa;55;3;2014 Women's Rugby World Cup;;;;FALSE;TRUE;;;;;;;;;;;;;;;;;Amy Perrett;;;
2014/08/05;Spain;Samoa;41;5;2014 Women's Rugby World Cup Pool A;;;;FALSE;TRUE;;;;;;;;;;;;;;;;;Claire Hodnett;;;
2014/08/09;Spain;Samoa;41;5;2014 Women's Rugby World Cup;;;;FALSE;TRUE;;;;;;;;;;;;;;;;;Claire Hodnett;;;
2014/08/09;England;Canada;13;13;2014 Women's Rugby World Cup;;;;FALSE;TRUE;;;;;;;;;;;;;;;;;Amy Perrett;;;
2014/08/09;Ireland;Kazakhstan;40;5;2014 Women's Rugby World Cup;;;;FALSE;TRUE;;;;;;;;;;;;;;;;;Nicky Inwood;;;
2014/08/09;New Zealand;United States;34;3;2014 Women's Rugby World Cup;;;;FALSE;TRUE;;;;;;;;;;;;;;;;;Sherry Turnbull;;;
2014/08/09;Wales;South Africa;35;3;2014 Women's Rugby World Cup;;;;FALSE;TRUE;;;;;;;;;;;;;;;;;Jessica Beard;;;
2014/08/09;Australia;France;3;17;2014 Women's Rugby World Cup;;;;FALSE;TRUE;;;;;;;;;;;;;;;;;Leah Berard;;;
2014/08/13;South Africa;Samoa;25;24;2014 Women's Rugby World Cup;;;;FALSE;TRUE;3;3;2;3;2;3;2;1;2;1;0;0;;;;;Alhambra Nievas;;"Zandile Nojoko; Rachelle Geldenhuys; Veroeshka Grain";"Bella Milo (2); Merenaite Faitala-Mariner"
2014/08/13;Spain;Kazakhstan;18;5;2014 Women's Rugby World Cup;;;;FALSE;TRUE;2;1;1;0;1;0;2;0;2;0;0;0;;;;;Sherry Turnbull;;"Lourdes Alameda; Rocio Garcia";Anastassiya Khamova
2014/08/13;Australia;United States;20;23;2014 Women's Rugby World Cup;;;;FALSE;TRUE;3;3;1;1;1;1;1;2;1;2;0;0;;;;;Jessica Beard;;"Shannon Parry; Cobie-Jane Morgan; Liz Patu";"Jillion Potter; Carmen Farmer; Vanesha McGee"
2014/08/13;New Zealand;Wales;63;7;2014 Women's Rugby World Cup;;;;FALSE;TRUE;;;;;;;;;;;;;;;;;Claire Hodnett;;;
2014/08/13;Ireland;England;7;40;2014 Women's Rugby World Cup;;;;FALSE;TRUE;1;5;1;3;1;3;0;3;0;3;0;0;;;;;Amy Perrett;;Alison Miller;"Rochelle Clark; Katherine Merchant; Kay Wilson; Marlie Packer (2)"
2014/08/13;France;Canada;16;18;2014 Women's Rugby World Cup;;;;FALSE;TRUE;;;;;;;;;;;;;;;;;Helen O'Reilly;;;
2014/08/14;England;Canada;21;9;2014 Women's Rugby World Cup final;;;;FALSE;TRUE;2;0;1;0;2;0;3;3;3;3;0;0;0;0;0;0;Amy Perrett;;"Waterman; Scarratt";
2014/08/17;Samoa;Kazakhstan;31;0;2014 Women's Rugby World Cup;;;;FALSE;TRUE;5;0;3;0;3;0;0;0;0;0;0;0;;;;;Marlize Jordaan;;"Taliilagi Mefi (2); Tile Start; Helen Collins; Bella Milo";
2014/08/17;South Africa;Spain;0;36;2014 Women's Rugby World Cup;;;;FALSE;TRUE;0;5;0;4;0;4;0;1;0;1;0;0;;;;;Jessica Beard;;;"Patricia Garcia (2); Barbara Pla; Penalty Try; Eli Martinez"
2014/08/17;Australia;Wales;30;3;2014 Women's Rugby World Cup;;;;FALSE;TRUE;5;0;1;0;1;0;1;1;1;1;0;0;;;;;Claire Hodnett;;"Liz Patu; Dalena Dennison; Tricia Brown; Sharni Williams; Cobie-Jane Morgan";
2014/08/17;United States;New Zealand;5;55;2014 Women's Rugby World Cup;;;;FALSE;TRUE;1;9;0;5;0;5;0;0;0;0;0;0;;;;;Helen O'Reilly;;Kimber Rozier;"Aroha Savage; Rawinia Everitt; Shakira Baker; Selica Winiata; Honey Hireme (4); Aleisha Nelson"
2014/08/17;Ireland;France;18;25;2014 Women's Rugby World Cup;;;;FALSE;TRUE;;;;;;;;;;;;;;;;;Sherry Turnbull;;;
2014/08/17;England;Canada;21;9;2014 Women's Rugby World Cup;;;;FALSE;TRUE;2;0;1;0;1;0;3;3;3;3;0;0;;;;;Amy Perrett;;"Danielle Waterman; Emily Scarratt";
2014/10/30;Switzerland;Netherlands;0;39;2014 Rugby Europe Women's Trophy;;;;FALSE;FALSE;;;;;;;;;;;;;;;;;;;;
2014/10/30;Belgium;Russia;29;7;2014 Rugby Europe Women's Trophy;;;;FALSE;FALSE;;;;;;;;;;;;;;;;;;;;
2014/11/02;Switzerland;Russia;24;31;2014 Rugby Europe Women's Trophy;;;;FALSE;FALSE;;;;;;;;;;;;;;;;;;;;
2014/11/02;Belgium;Netherlands;3;12;2014 Rugby Europe Women's Trophy;;;;FALSE;FALSE;;;;;;;;;;;;;;;;;;;;
2015/02/06;Italy;Ireland;5;30;2015 Women's Six Nations Championship;;;;FALSE;FALSE;;;;;;;;;;;;;0;0;0;0;Sara Cox;;;
2015/02/07;France;Scotland;42;0;2015 Women's Six Nations Championship;;;;FALSE;FALSE;;;;;;;;;;;;;0;0;0;0;Claire Hodnett;;;
2015/02/08;Wales;England;13;0;2015 Women's Six Nations Championship;;;;FALSE;FALSE;;;;;;;;;;;;;0;0;0;0;Sherry Trumbull;;;
2015/02/13;Ireland;France;5;10;2015 Women's Six Nations Championship;;;;FALSE;FALSE;;;;;;;;;;;;;0;0;0;0;Amy Perrett;;;
2015/02/14;Scotland;Wales;3;39;2015 Women's Six Nations Championship;;;;FALSE;FALSE;;;;;;;;;;;;;0;0;0;0;Sherry Trumbull;461;;
2015/02/15;England;Italy;39;7;2015 Women's Six Nations Championship;;;;FALSE;FALSE;;;;;;;;;;;;;0;0;0;0;Alhambra Nievas;2976;;
2015/02/27;Ireland;England;11;8;2015 Women's Six Nations Championship;;;;FALSE;FALSE;;;;;;;;;;;;;0;0;0;0;Leah Berard;;;
2015/02/27;France;Wales;28;7;2015 Women's Six Nations Championship;;;;FALSE;FALSE;;;;;;;;;;;;;0;0;0;0;Alhambra Nievas;;;
2015/03/01;Scotland;Italy;8;31;2015 Women's Six Nations Championship;;;;FALSE;FALSE;;;;;;;;;;;;;0;0;0;0;Helen O'Reilly;;;
2015/03/13;England;Scotland;42;13;2015 Women's Six Nations Championship;;;;FALSE;FALSE;;;;;;;;;;;;;0;0;0;0;Helen O'Reilly;;;
2015/03/14;Italy;France;17;12;2015 Women's Six Nations Championship;;;;FALSE;FALSE;;;;;;;;;;;;;0;0;0;0;Jess Beard;;;
2015/03/15;Wales;Ireland;0;20;2015 Women's Six Nations Championship;;;;FALSE;FALSE;;;;;;;;;;;;;0;0;0;0;Claire Hodnett;;;
2015/03/21;Italy;Wales;22;5;2015 Women's Six Nations Championship;;;;FALSE;FALSE;;;;;;;;;;;;;0;0;0;0;Leah Berard;;;
2015/03/21;England;France;15;21;2015 Women's Six Nations Championship;;;;FALSE;FALSE;;;;;;;;;;;;;0;0;0;0;Alhambra Nievas;;;
2015/03/22;Scotland;Ireland;3;73;2015 Women's Six Nations Championship;;;;FALSE;FALSE;;;;;;;;;;;;;0;0;0;0;Jess Beard;;;
2015/04/25;Kazakhstan;Hong Kong;40;0;2015 Asia Rugby Women's Championship;;;;FALSE;FALSE;;;;;;;;;;;;;;;;;;;;
2015/05/09;Japan;Kazakhstan;27;12;2015 Asia Rugby Women's Championship;;;;FALSE;FALSE;;;;;;;;;;;;;;;;;;;;
2015/05/23;Hong Kong;Japan;12;27;2015 Asia Rugby Women's Championship;;;;FALSE;FALSE;;;;;;;;;;;;;;;;;;;;
2015/06/27;United States;England;13;39;2015 Women's Rugby Super Series;;;;FALSE;FALSE;;;;;;;;;;;;;0;0;0;0;Sherry Trumbull;;;
2015/06/27;Canada;New Zealand;22;40;2015 Women's Rugby Super Series;;;;FALSE;FALSE;;;;;;;;;;;;;0;0;0;0;Leah Berard;;;
2015/07/01;New Zealand;England;26;7;2015 Women's Rugby Super Series;;;;FALSE;FALSE;;;;;;;;;;;;;0;0;0;0;Sherry Trumbull;;;
2015/07/01;Canada;United States;28;36;2015 Women's Rugby Super Series;;;;FALSE;FALSE;;;;;;;;;;;;;0;0;0;0;Marie Lematte;;;
2015/07/05;New Zealand;United States;47;14;2015 Women's Rugby Super Series;;;;FALSE;FALSE;;;;;;;;;;;;;0;0;0;0;Rose Labreche;;;
2015/07/05;Canada;England;14;15;2015 Women's Rugby Super Series;;;;FALSE;FALSE;;;;;;;;;;;;;0;0;0;0;Leah Berard;;;
2015/10/29;Belgium;Czech Republic;20;3;2015 Rugby Europe Women's Trophy;;;;FALSE;FALSE;;;;;;;;;;;;;;;;;;;;
2015/10/29;Switzerland;Russia;27;12;2015 Rugby Europe Women's Trophy;;;;FALSE;FALSE;;;;;;;;;;;;;;;;;;;;
2015/11/01;Czech Republic;Russia;15;41;2015 Rugby Europe Women's Trophy;;;;FALSE;FALSE;;;;;;;;;;;;;;;;;;;;
2015/11/01;Switzerland;Belgium;20;50;2015 Rugby Europe Women's Trophy;;;;FALSE;FALSE;;;;;;;;;;;;;;;;;;;;
2016/02/05;Scotland;England;0;32;2016 Women's Six Nations Championship;;;;FALSE;FALSE;0;5;0;2;0;2;0;1;0;1;0;0;0;0;0;0;Jess Beard;500;;"Lauren Cattell; Harriet Millar-Mills (2); Sarah Hunter; Lucy Demaine"
2016/02/06;Ireland;Wales;21;3;2016 Women's Six Nations Championship;;;;FALSE;FALSE;2;0;1;0;1;0;3;1;3;1;0;0;0;0;0;0;Leah Berard;3262;"Sene Naoupu; Sophie Spence";
2016/02/06;France;Italy;39;0;2016 Women's Six Nations Championship;;;;FALSE;FALSE;6;0;3;0;3;0;1;0;1;0;0;0;0;0;0;0;Sara Cox;7000;"Julie Billes; Audrey Forlani (2); Gaëlle Mignot; Penalty try; Élodie Poublan";
2016/02/13;Italy;England;24;33;2016 Women's Six Nations Championship;;;;FALSE;FALSE;4;5;2;4;2;4;0;0;0;0;0;0;0;0;0;0;Leah Berard;2800;"Maria Grazia Cioffi; Sofia Stefan; Elisa Giordano; Michela Este";"Lauren Cattell; Katie Mason; Lotte Clapp; Abbie Scott; Bianca Blackburn"
2016/02/13;France;Ireland;18;6;2016 Women's Six Nations Championship;;;;FALSE;FALSE;2;0;1;0;1;0;2;2;2;2;0;0;0;0;0;0;Jess Beard;11170;"Gaëlle Mignot; Caroline Boujard";
2016/02/14;Wales;Scotland;23;10;2016 Women's Six Nations Championship;;;;FALSE;FALSE;3;1;1;1;1;1;2;1;2;1;0;0;0;0;0;0;Claire Hodnett;;"Sioned Harries; Hannah Jones; Alisha Butchers";Megan Gaffney
2016/02/27;England;Ireland;13;9;2016 Women's Six Nations Championship;;;;FALSE;FALSE;2;0;0;0;0;0;1;3;1;3;0;0;0;0;0;0;Alhambra Nievas;2500;"Emma Croker; Abbie Scott";
2016/02/28;Wales;France;10;8;2016 Women's Six Nations Championship;;;;FALSE;FALSE;2;1;0;0;0;0;0;1;0;1;0;0;0;0;0;0;Rose LaBrèche;;"Dyddgu Hywel; Megan York";Safi N'Diaye
2016/02/28;Italy;Scotland;22;7;2016 Women's Six Nations Championship;;;;FALSE;FALSE;3;1;2;1;2;1;1;0;1;0;0;0;0;0;0;0;Marie Lematte;2500;"Melissa Bettoni; Elisa Cucchiella; Manuela Furlan";Lisa Thomson
2016/03/11;Scotland;France;0;24;2016 Women's Six Nations Championship;;;;FALSE;FALSE;0;4;0;2;0;2;0;0;0;0;0;0;0;0;0;0;Helen O'Reilly;2000;;"Penalty try (2); Audrey Forlani; Julie Duval"
2016/03/12;England;Wales;20;13;2016 Women's Six Nations Championship;;;;FALSE;FALSE;2;2;2;0;2;0;2;1;2;1;0;0;0;0;0;0;Sherry Trumbull;;Ceri Large (2);Robyn Wilkins (2)
2016/03/13;Ireland;Italy;14;3;2016 Women's Six Nations Championship;;;;FALSE;FALSE;2;0;2;0;2;0;0;1;0;1;0;0;0;0;0;0;Amy Perrett;6000;"Lindsay Peat; Paula Fitzpatrick";
2016/03/18;France;England;17;12;2016 Women's Six Nations Championship;;;;FALSE;FALSE;3;2;1;1;1;1;0;0;0;0;0;0;0;0;0;0;Amy Perrett;;"Gaëlle Mignot (2); Audrey Forlani";"Lydia Thompson; Tamara Taylor"
2016/03/20;Ireland;Scotland;45;12;2016 Women's Six Nations Championship;;;;FALSE;FALSE;8;2;1;1;1;1;1;0;1;0;0;0;0;0;0;0;Sherry Trumbull;;"Alison Miller (3); Liz Burke; Ciara Griffin; Niamh Briggs (2); Sophie Spence";"Jenny Maxwell; Rhona Lloyd"
2016/03/20;Wales;Italy;12;16;2016 Women's Six Nations Championship;;;;FALSE;FALSE;2;2;1;0;1;0;0;2;0;2;0;0;0;0;0;0;Joy Neville;2000;Sioned Harries (2);Beatrice Rigoni (2)
2016/05/07;Hong Kong;Japan;3;39;2016 Asia Rugby Women's Championship;;;;FALSE;FALSE;0;7;0;2;0;2;1;0;1;0;0;0;0;0;0;0;;;;"Honoka TSUTSUMI; Ai TASAKA; Eriko HIRANO; Misaki SUZUKI; Miki TERAUCHI; Ai TASAKA; Ai HYUGAJI"
2016/05/28;Japan;Hong Kong;30;3;2016 Asia Rugby Women's Championship;;;;FALSE;FALSE;6;0;0;0;0;0;0;1;0;1;0;0;0;0;0;0;;;"Saki Minami; Mizuki HOMMA; Miki TERAUCHI; Yuki SUE; Riho KUROGI; Ai HYUGAJI";
2016/07/01;Canada;England;52;17;2016 Women's Rugby Super Series;;;;FALSE;FALSE;;;;;;;;;;;;;;;;;;;;
2016/07/01;France;United States;19;13;2016 Women's Rugby Super Series;;;;FALSE;FALSE;;;;;;;;;;;;;;;;;;;;
2016/07/05;England;France;17;13;2016 Women's Rugby Super Series;;;;FALSE;FALSE;;;;;;;;;;;;;;;;;;;;
2016/07/05;Canada;United States;33;5;2016 Women's Rugby Super Series;;;;FALSE;FALSE;;;;;;;;;;;;;;;;;;;;
2016/07/09;Canada;France;29;10;2016 Women's Rugby Super Series;;;;FALSE;FALSE;;;;;;;;;;;;;;;;;;;;
2016/07/09;England;United States;39;13;2016 Women's Rugby Super Series;;;;FALSE;FALSE;;;;;;;;;;;;;;;;;;;;
2016/10/06;Switzerland;Netherlands;0;55;2016 Rugby Europe Women's Championship;;;;FALSE;FALSE;;;;;;;;;;;;;;;;;Marie Lematte;;;
2016/10/06;Spain;Belgium;76;0;2016 Rugby Europe Women's Championship;;;;FALSE;FALSE;;;;;;;;;;;;;;;;;Sarah Toll;;;
2016/10/09;Netherlands;Russia;22;17;2016 Rugby Europe Women's Championship;;;;FALSE;FALSE;;;;;;;;;;;;;;;;;Alhambra Nievas;;;
2016/10/09;Spain;Czech Republic;97;0;2016 Rugby Europe Women's Championship;;;;FALSE;FALSE;;;;;;;;;;;;;;;;;Marie Lematte;;;
2016/10/12;Belgium;Czech Republic;20;5;2016 Rugby Europe Women's Championship;;;;FALSE;FALSE;;;;;;;;;;;;;;;;;Alhambra Nievas;;;
2016/10/12;Russia;Switzerland;51;0;2016 Rugby Europe Women's Championship;;;;FALSE;FALSE;;;;;;;;;;;;;;;;;Sarah Toll;;;
2016/10/15;Switzerland;Czech Republic;24;12;2016 Rugby Europe Women's Championship;;;;FALSE;FALSE;;;;;;;;;;;;;;;;;Alhambra Nievas;;;
2016/10/15;Belgium;Russia;5;74;2016 Rugby Europe Women's Championship;;;;FALSE;FALSE;;;;;;;;;;;;;;;;;Sarah Toll;;;
2016/10/15;Spain;Netherlands;35;7;2016 Rugby Europe Women's Championship;;;;FALSE;FALSE;;;;;;;;;;;;;;;;;Marie Lematte;3500;;
2016/11/05;Fiji;Papua New Guinea;37;10;2017 Women's Rugby World Cup qualifying;;;;FALSE;FALSE;;;;;;;;;;;;;;;;;;;;
2016/11/18;Scotland;Spain;5;10;2017 Women's Rugby World Cup qualifying;;;;FALSE;FALSE;;;;;;;;;;;;;;;;;;;;
2016/11/26;Spain;Scotland;15;10;2017 Women's Rugby World Cup qualifying;;;;FALSE;FALSE;;;;;;;;;;;;;;;;;;;;
2016/12/09;Hong Kong;Fiji;45;7;2017 Women's Rugby World Cup qualifying;;;;FALSE;FALSE;;;;;;;;;;;;;;;;;;;;
2016/12/13;Japan;Fiji;55;0;2017 Women's Rugby World Cup qualifying;;;;FALSE;FALSE;;;;;;;;;;;;;;;;;;;;
2016/12/17;Hong Kong;Japan;8;20;2017 Women's Rugby World Cup qualifying;;;;FALSE;FALSE;;;;;;;;;;;;;;;;;;;;
2017/02/03;Scotland;Ireland;15;22;2017 Women's Six Nations Championship;;;;FALSE;FALSE;2;4;1;1;1;1;1;0;1;0;0;0;;;;;Aimee Barrett-Theron;;Konkel (2);"Naoupu; Miller; Peat; Murphy"
2017/02/04;Italy;Wales;8;20;2017 Women's Six Nations Championship;;;;FALSE;FALSE;1;3;0;1;0;1;1;1;1;1;0;0;;;;;Rose LaBrèche;;Furlan;"Thomas; Hywel; Phillips"
2017/02/04;England;France;26;13;2017 Women's Six Nations Championship;;;;FALSE;FALSE;2;2;2;0;2;0;4;1;4;1;0;0;;;;;Amy Perrett;;"Waterman; Wilson-Hardy";"Izar; Mignot"
2017/02/11;Wales;England;0;63;2017 Women's Six Nations Championship;;;;FALSE;FALSE;0;11;0;4;0;4;0;0;0;0;0;0;;;;;Marie Lematte;;;"Wilson-Hardy (2); Cokayne; Hunt; Thompson (3); McLean; Hunter; Waterman (2)"
2017/02/11;France;Scotland;55;0;2017 Women's Six Nations Championship;;;;FALSE;FALSE;9;0;5;0;5;0;0;0;0;0;0;0;;;;;Tim Baker;;"N'Diaye; Izar; Corson; Poublan; Guiglion; Le Pesq (2); Ladagnous; Cabalou";
2017/02/12;Italy;Ireland;3;27;2017 Women's Six Nations Championship;;;;FALSE;FALSE;0;4;0;2;0;2;1;1;1;1;0;0;;;;;Rachel Horton;;;"Lyons; Spence; Fitzpatrick; Tyrrell"
2017/02/24;Scotland;Wales;15;14;2017 Women's Six Nations Championship;;;;FALSE;FALSE;2;2;1;2;1;2;1;0;1;0;0;0;;;;;Cwengile Jadezweni;;"Thomson; Lloyd";"Phillips; Penalty try"
2017/02/25;England;Italy;29;15;2017 Women's Six Nations Championship;;;;FALSE;FALSE;5;3;2;0;2;0;0;0;0;0;0;0;;;;;Graham Cooper;;"Wilson; Wilson-Hardy; Fleetwood (3)";"Stefan; Barattin; Furlan"
2017/02/26;Ireland;France;13;10;2017 Women's Six Nations Championship;;;;FALSE;FALSE;1;1;1;1;1;1;2;1;2;1;0;0;;;;;Sara Cox;;Lyons;Ladagnous
2017/03/11;Wales;Ireland;7;12;2017 Women's Six Nations Championship;;;;FALSE;FALSE;1;2;1;1;1;1;0;0;0;0;0;0;;;;;Claire Hodnett;;Powell-Hughes;"Peat; Tyrrell"
2017/03/11;England;Scotland;64;0;2017 Women's Six Nations Championship;;;;FALSE;FALSE;12;0;2;0;2;0;0;0;0;0;0;0;;;;;Sean Gallagher;;"Wilson (7); Cokayne (3); Waterman; Scarratt";
2017/03/12;Italy;France;5;28;2017 Women's Six Nations Championship;;;;FALSE;FALSE;1;4;0;1;0;1;0;2;0;2;0;0;;;;;Helen O'Reilly;;Este;"Ladagnous (2); R. Ménager; Poublan"
2017/03/17;Scotland;Italy;14;12;2017 Women's Six Nations Championship;;;;FALSE;FALSE;2;2;2;1;2;1;0;0;0;0;0;0;;;;;Ian Tempest;;Rollie (2);Bettoni (2)
2017/03/17;Ireland;England;7;34;2017 Women's Six Nations Championship;;;;FALSE;FALSE;1;5;1;3;1;3;0;1;0;1;0;0;;;;;Alhambra Nievas;;Lyons;"Wilson-Hardy; Keates; Cokayne; Scarratt; Thompson"
2017/03/18;France;Wales;39;19;2017 Women's Six Nations Championship;;;;FALSE;FALSE;5;3;4;2;4;2;2;0;2;0;0;0;;;;;Joy Neville;;"Forlani; Ladagnous; Boujard; Arricastre; Trémoulière";"Powell-Hughes; A. Evans (2)"
2017/07/08;Japan;Hong Kong;58;0;2017 Asia Rugby Women's Championship;;;;FALSE;FALSE;;;;;;;;;;;;;0;0;0;0;;;;
2017/07/15;Hong Kong;Japan;19;60;2017 Asia Rugby Women's Championship;;;;FALSE;FALSE;;;;;;;;;;;;;0;0;0;0;;;;
2017/08/09;New Zealand;Wales;44;12;2017 Women's Rugby World Cup;;;;FALSE;TRUE;;;;;;;;;;;;;;;;;;;;
2017/08/09;Canada;Hong Kong;98;0;2017 Women's Rugby World Cup;;;;FALSE;TRUE;;;;;;;;;;;;;;;;;;;;
2017/08/09;England;Spain;56;5;2017 Women's Rugby World Cup;;;;FALSE;TRUE;;;;;;;;;;;;;;;;;;;;
2017/08/09;United States;Italy;24;12;2017 Women's Rugby World Cup;;;;FALSE;TRUE;;;;;;;;;;;;;;;;;;;;
2017/08/09;Ireland;Australia;19;17;2017 Women's Rugby World Cup;;;;FALSE;TRUE;;;;;;;;;;;;;;;;;;;;
2017/08/09;France;Japan;72;14;2017 Women's Rugby World Cup;;;;FALSE;TRUE;;;;;;;;;;;;;;;;;;;;
2017/08/13;New Zealand;Hong Kong;121;0;2017 Women's Rugby World Cup;;;;FALSE;TRUE;;;;;;;;;;;;;;;;;;;;
2017/08/13;Canada;Wales;15;0;2017 Women's Rugby World Cup;;;;FALSE;TRUE;;;;;;;;;;;;;;;;;;;;
2017/08/13;England;Italy;56;13;2017 Women's Rugby World Cup;;;;FALSE;TRUE;;;;;;;;;;;;;;;;;;;;
2017/08/13;United States;Spain;43;0;2017 Women's Rugby World Cup;;;;FALSE;TRUE;;;;;;;;;;;;;;;;;;;;
2017/08/13;Ireland;Japan;24;14;2017 Women's Rugby World Cup;;;;FALSE;TRUE;;;;;;;;;;;;;;;;;;;;
2017/08/13;France;Australia;48;0;2017 Women's Rugby World Cup;;;;FALSE;TRUE;;;;;;;;;;;;;;;;;;;;
2017/08/17;Canada;New Zealand;5;48;2017 Women's Rugby World Cup;;;;FALSE;TRUE;;;;;;;;;;;;;;;;;;;;
2017/08/17;Wales;Hong Kong;39;15;2017 Women's Rugby World Cup;;;;FALSE;TRUE;;;;;;;;;;;;;;;;;;;;
2017/08/17;England;United States;47;26;2017 Women's Rugby World Cup;;;;FALSE;TRUE;;;;;;;;;;;;;;;;;;;;
2017/08/17;Italy;Spain;8;22;2017 Women's Rugby World Cup;;;;FALSE;TRUE;;;;;;;;;;;;;;;;;;;;
2017/08/17;Australia;Japan;29;15;2017 Women's Rugby World Cup;;;;FALSE;TRUE;;;;;;;;;;;;;;;;;;;;
2017/08/17;France;Ireland;21;5;2017 Women's Rugby World Cup;;;;FALSE;TRUE;;;;;;;;;;;;;;;;;;;;
2017/08/22;Italy;Japan;22;0;2017 Women's Rugby World Cup;;;;FALSE;TRUE;;;;;;;;;;;;;;;;;;;;
2017/08/22;Spain;Hong Kong;31;7;2017 Women's Rugby World Cup;;;;FALSE;TRUE;;;;;;;;;;;;;;;;;;;;
2017/08/22;Ireland;Australia;24;36;2017 Women's Rugby World Cup;;;;FALSE;TRUE;;;;;;;;;;;;;;;;;;;;
2017/08/22;Canada;Wales;52;0;2017 Women's Rugby World Cup;;;;FALSE;TRUE;;;;;;;;;;;;;;;;;;;;
2017/08/22;New Zealand;United States;45;12;2017 Women's Rugby World Cup;;;;FALSE;TRUE;;;;;;;;;;;;;;;;;;;;
2017/08/22;England;France;20;3;2017 Women's Rugby World Cup;;;;FALSE;TRUE;;;;;;;;;;;;;;;;;;;;
2017/08/26;England;New Zealand;32;41;2017 Women's Rugby World Cup final;;;;FALSE;TRUE;4;7;2;3;2;3;2;0;2;0;0;0;;;;;Joy Neville;17115;"Penalty Try; Thompson (2); Noel-Smith";"Winiata (2); Natua (3); Smith; Cocksedge"
2017/08/26;Japan;Hong Kong;44;5;2017 Women's Rugby World Cup;;;;FALSE;TRUE;;;;;;;;;;;;;;;;;;;;
2017/08/26;Italy;Spain;20;15;2017 Women's Rugby World Cup;;;;FALSE;TRUE;;;;;;;;;;;;;;;;;;;;
2017/08/26;Ireland;Wales;17;27;2017 Women's Rugby World Cup;;;;FALSE;TRUE;;;;;;;;;;;;;;;;;;;;
2017/08/26;Australia;Canada;12;43;2017 Women's Rugby World Cup;;;;FALSE;TRUE;;;;;;;;;;;;;;;;;;;;
2017/08/26;France;United States;31;23;2017 Women's Rugby World Cup;;;;FALSE;TRUE;;;;;;;;;;;;;;;;;;;;
2018/02/02;Wales;Scotland;18;17;2018 Women's Six Nations Championship;;;;FALSE;FALSE;3;3;0;1;0;1;1;0;1;0;0;0;;;;;Sean Gallagher;;"Kavanagh-Williams; Bluck; Lake";"Rollie (2); Konkel"
2018/02/03;France;Ireland;24;0;2018 Women's Six Nations Championship;;;;FALSE;FALSE;4;0;2;0;2;0;0;0;0;0;0;0;;;;;Ian Tempest;;"Banet; Le Pesq (2); Tremouliere";
2018/02/04;Italy;England;7;42;2018 Women's Six Nations Championship;;;;FALSE;FALSE;1;7;1;2;1;2;0;1;0;1;0;0;;;;;Tim Baker;;Ruzza;"Bern; Hunter (3); Cleall; Dow; Kildunne"
2018/02/10;England;Wales;52;0;2018 Women's Six Nations Championship;;;;FALSE;FALSE;8;0;6;0;6;0;0;0;0;0;0;0;;;;;Aimee Barrett-Theron;;"Cleall (2); Dow; Riley; Kildunne (2); Packer; Burford";
2018/02/10;Scotland;France;3;26;2018 Women's Six Nations Championship;;;;FALSE;FALSE;0;4;0;3;0;3;1;0;1;0;0;0;;;;;Graham Cooper;;;"Sochat; Banet; Boujard; Le Pesq"
2018/02/11;Ireland;Italy;21;8;2018 Women's Six Nations Championship;;;;FALSE;FALSE;3;1;3;0;3;0;0;1;0;1;0;0;;;;;Tim Baker;;"Williams; Griffin (2)";Ricci
2018/02/23;Scotland;England;8;43;2018 Women's Six Nations Championship;;;;FALSE;FALSE;1;7;0;4;0;4;1;0;1;0;0;0;;;;;Joy Neville;;Konkel;"Waterman (2); Bern; Pearce (2); Kildunne; Tuima"
2018/02/24;France;Italy;57;0;2018 Women's Six Nations Championship;;;;FALSE;FALSE;8;0;7;0;7;0;1;0;1;0;0;0;;;;;Rose LaBrèche;;"Banet (2); Tremouliere; M. Menager (2); Sochat; Rivoalen; Bourdon";
2018/02/25;Ireland;Wales;35;12;2018 Women's Six Nations Championship;;;;FALSE;FALSE;5;2;5;1;5;1;0;0;0;0;0;0;;;;;Sara Cox;;"Lyons; Molloy (2); Naoupu; Tyrrell";"A. Evans; Harries"
2018/02/27;Spain;Germany;44;0;2018 Rugby Europe Women's Championship;;;;FALSE;FALSE;;;;;;;;;;;;;;;;;;;;
2018/02/27;Belgium;Netherlands;12;84;2018 Rugby Europe Women's Championship;;;;FALSE;FALSE;;;;;;;;;;;;;;;;;;;;
2018/03/02;Belgium;Germany;5;24;2018 Rugby Europe Women's Championship;;;;FALSE;FALSE;;;;;;;;;;;;;;;;;;;;
2018/03/03;Spain;Netherlands;40;7;2018 Rugby Europe Women's Championship;;;;FALSE;FALSE;;;;;;;;;;;;;;;;;;;;
2018/03/10;France;England;18;17;2018 Women's Six Nations Championship;;;;FALSE;FALSE;3;2;0;2;0;2;1;1;1;1;0;0;;;;;Joy Neville;;"Tremouliere (2); Drouin";"Dow; Cokayne"
2018/03/11;Wales;Italy;15;22;2018 Women's Six Nations Championship;;;;FALSE;FALSE;2;4;1;1;1;1;1;0;1;0;0;0;;;;;Marie Lematte;;"Butchers; Harries";"Locatelli; Magatti; Rigoni; Sillari"
2018/03/11;Ireland;Scotland;12;15;2018 Women's Six Nations Championship;;;;FALSE;FALSE;2;2;0;1;0;1;0;1;0;1;0;0;;;;;Ian Tempest;;"Penalty try; Fitzpatrick";"Nelson; Rollie"
2018/03/16;England;Ireland;33;11;2018 Women's Six Nations Championship;;;;FALSE;FALSE;5;1;4;0;4;0;0;2;0;2;0;0;;;;;Alhambra Nievas;;"Waterman; Packer; Cokayne; Kildunne; Reed";Molloy
2018/03/16;Wales;France;3;38;2018 Women's Six Nations Championship;;;;FALSE;FALSE;0;6;0;3;0;3;1;0;1;0;0;0;;;;;Beatrice Benvenuti;;;"Bourdon; Drouin; Tremouliere; Penalty try; Sochat; Neisen"
2018/03/18;Italy;Scotland;26;12;2018 Women's Six Nations Championship;;;;FALSE;FALSE;4;2;3;1;3;1;0;0;0;0;0;0;;;;;Sara Cox;;"Bettoni; Stefan; Franco; Rigoni";"Skeldon; Sinclair"
2018/06/02;Singapore;India;30;5;2018 Asia Rugby Women's Championship Div 1;;;;FALSE;FALSE;;;;;;;;;;;;;;;;;;;;
2018/06/05;India;Philippines;5;19;2018 Asia Rugby Women's Championship Div 1;;;;FALSE;FALSE;;;;;;;;;;;;;;;;;;;;
2018/06/08;Singapore;Philippines;19;10;2018 Asia Rugby Women's Championship Div 1;;;;FALSE;FALSE;;;;;;;;;;;;;;;;;;;;
2018/10/13;Finland;Switzerland;5;20;2018–19 Rugby Europe Women's Trophy;;;;FALSE;FALSE;;;;;;;;;;;;;;;;;;;;
2018/11/16;Papua New Guinea;Samoa;45;56;2018 Oceania Rugby Women's Championship;;;;FALSE;FALSE;;;;;;;;;;;;;;;;;;;;
2018/11/16;Fiji;Tonga;53;8;2018 Oceania Rugby Women's Championship;;;;FALSE;FALSE;;;;;;;;;;;;;;;;;;;;
2018/11/17;Switzerland;Czech Republic;5;10;2018–19 Rugby Europe Women's Trophy;;;;FALSE;FALSE;;;;;;;;;;;;;;;;;;;;
2018/11/20;Samoa;Tonga;68;7;2018 Oceania Rugby Women's Championship;;;;FALSE;FALSE;;;;;;;;;;;;;;;;;;;;
2018/11/20;Fiji;Papua New Guinea;96;0;2018 Oceania Rugby Women's Championship;;;;FALSE;FALSE;;;;;;;;;;;;;;;;;;;;
2018/11/24;Tonga;Papua New Guinea;62;26;2018 Oceania Rugby Women's Championship;;;;FALSE;FALSE;;;;;;;;;;;;;;;;;;;;
2018/11/24;Fiji;Samoa;43;12;2018 Oceania Rugby Women's Championship;;;;FALSE;FALSE;;;;;;;;;;;;;;;;;;;;
2019/02/01;Ireland;England;7;51;2019 Women's Six Nations Championship;;;;FALSE;FALSE;1;8;0;4;0;4;0;1;0;1;0;0;;;;;Aimee Barrett-Theron;;Penalty try;"Breach; McKenna; Bern; Davies; Daley-McLean; Harrison; E. Scott; B. Cleall"
2019/02/01;Scotland;Italy;7;28;2019 Women's Six Nations Championship;;;;FALSE;FALSE;1;4;1;4;1;4;0;0;0;0;0;0;;;;;Nikki O'Donnell;;Bonar;"Arrighetti; Franco; Rigoni; Giordano"
2019/02/02;France;Wales;52;3;2019 Women's Six Nations Championship;;;;FALSE;FALSE;9;0;2;0;2;0;1;1;1;1;0;0;;;;;Sean Gallagher;;"Thomas (3); N'Diaye; Murie (2); R. Ménager (2); Constanty";
2019/02/08;Scotland;Ireland;5;22;2019 Women's Six Nations Championship;;;;FALSE;FALSE;1;4;0;1;0;1;0;0;0;0;0;0;;;;;Beatrice Benvenuti;;Smith;"McDermott; Lyons; Miller; Caplice"
2019/02/09;Italy;Wales;3;3;2019 Women's Six Nations Championship;;;;FALSE;FALSE;0;0;0;0;0;0;1;1;1;1;0;0;;;;;Aimee Barrett-Theron;;;
2019/02/10;England;France;41;26;2019 Women's Six Nations Championship;;;;FALSE;FALSE;7;4;3;3;3;3;0;0;0;0;0;0;;;;;Tim Baker;;"Breach (2); P. Cleall (2); Smith; Botterman; O'Donnell";"N'Diaye; Bourdon (2); R. Ménager"
2019/02/23;Spain;Russia;41;0;2019 Rugby Europe Women's Championship;;;;FALSE;FALSE;;;;;;;;;;;;;;;;;;;;
2019/02/23;Italy;Ireland;29;27;2019 Women's Six Nations Championship;;;;FALSE;FALSE;4;4;3;2;3;2;1;1;1;1;0;0;;;;;Laura Pettingale;;"Muzzo; Giacomoli; Stefan; Franco";"Considine (2); Caplice; Sheehan"
2019/02/23;France;Scotland;41;10;2019 Women's Six Nations Championship;;;;FALSE;FALSE;7;2;3;0;3;0;0;0;0;0;0;0;;;;;Sara Cox;;"Vernier (3); Bourdon; Constanty; Boujard; Jason";"Lloyd; Wassell"
2019/02/24;Wales;England;12;51;2019 Women's Six Nations Championship;;;;FALSE;FALSE;2;9;1;3;1;3;0;0;0;0;0;0;;;;;Clara Munarini;;"Kavanagh-Williams; Hale";"Bern (2); Breach (2); Packer; O'Donnell; Dow; Beckett; Daley-McLean"
2019/03/08;Scotland;Wales;15;17;2019 Women's Six Nations Championship;;;;FALSE;FALSE;3;2;0;2;0;2;0;1;0;1;0;0;;;;;Rebecca Mahoney;;"Konkel; Bonar; Rollie";"B. Lewis; Lillicrap"
2019/03/09;Netherlands;Germany;46;17;2019 Rugby Europe Women's Championship;;;;FALSE;FALSE;;;;;;;;;;;;;;;;;;;;
2019/03/09;England;Italy;55;0;2019 Women's Six Nations Championship;;;;FALSE;FALSE;9;0;5;0;5;0;0;0;0;0;0;0;;;;;Aurélie Groizeleau;;"Breach (2); Davies; Hunter; Bern; Packer; Cornborough; A. Scott; Fleetwood";
2019/03/09;Ireland;France;17;47;2019 Women's Six Nations Championship;;;;FALSE;FALSE;3;7;1;6;1;6;0;0;0;0;0;0;;;;;Ian Tempest;;"Griffin; Molloy; Naoupu";"Thomas; Jason; Arricastre; Boujard; R. Ménager; Forlani; M. Ménager"
2019/03/16;England;Scotland;80;0;2019 Women's Six Nations Championship;;;;FALSE;FALSE;12;0;10;0;10;0;0;0;0;0;0;0;;;;;Joy Neville;;"Beckett; Breach (2); Hunt; Smith; P. Cleall (2); Cokayne; Bern; Hunter; Scarratt; O'Donnell";
2019/03/16;Czech Republic;Finland;15;0;2018–19 Rugby Europe Women's Trophy;;;;FALSE;FALSE;;;;;;;;;;;;;;;;;;;;
2019/03/17;Wales;Ireland;24;5;2019 Women's Six Nations Championship;;;;FALSE;FALSE;4;1;2;0;2;0;0;0;0;0;0;0;;;;;Hollie Davidson;;"Kavanagh-Williams; Phillips; B. Lewis; Joyce";Parsons
2019/03/17;Italy;France;31;12;2019 Women's Six Nations Championship;;;;FALSE;FALSE;4;2;1;1;1;1;3;0;3;0;0;0;;;;;Rebecca Mahoney;;"Stefan; Bettoni; Rigoni; Furlan";"Boujard; Jason"
2019/03/30;Spain;Netherlands;54;0;2019 Rugby Europe Women's Championship;;;;FALSE;FALSE;;;;;;;;;;;;;;;;;;;;
2019/05/04;Germany;Russia;5;22;2019 Rugby Europe Women's Championship;;;;FALSE;FALSE;;;;;;;;;;;;;;;;;;;;
2019/06/19;Singapore;China;7;59;2019 Asia Rugby Women's Championship Div 1;;;;FALSE;FALSE;;;;;;;;;;;;;;;;;;;;
2019/06/19;Philippines;India;32;27;2019 Asia Rugby Women's Championship Div 1;;;;FALSE;FALSE;;;;;;;;;;;;;;;;;;;;
2019/06/22;Singapore;India;19;21;2019 Asia Rugby Women's Championship Div 1;;;;FALSE;FALSE;;;;;;;;;;;;;;;;;;;;
2019/06/22;China;Philippines;68;0;2019 Asia Rugby Women's Championship Div 1;;;;FALSE;FALSE;;;;;;;;;;;;;;;;;;;;
2019/06/28;England;United States;38;5;2019 Women's Rugby Super Series;;;;FALSE;FALSE;6;1;4;0;4;0;0;0;0;0;0;0;0;0;0;0;Joy Neville;;"Smith; MacDonald; Scarratt; Kerr (2); Hunt";Rogers
2019/06/28;Canada;New Zealand;20;35;2019 Women's Rugby Super Series;;;;FALSE;FALSE;2;4;2;3;2;3;2;3;2;3;0;0;0;0;0;0;Sara Cox;;"Alerie; de Goede";"Blackwell; Hohepa; Alley; Leti-I'iga"
2019/07/02;France;Canada;19;36;2019 Women's Rugby Super Series;;;;FALSE;FALSE;3;5;2;4;2;4;0;1;0;1;0;0;0;0;0;0;Sara Cox;;"N'Diaye; Sansus; Tremouliere";"Beukeboom; Slevinsky; Poulin; Russell; Thornborough"
2019/07/02;New Zealand;United States;33;0;2019 Women's Rugby Super Series;;;;FALSE;FALSE;5;0;4;0;4;0;0;0;0;0;0;0;0;0;0;0;Hollie Davidson;;"Hohepa; Ngata-Aerengamate; Moors; Tapsell; Blackwell";
2019/07/06;France;New Zealand;25;16;2019 Women's Rugby Super Series;;;;FALSE;FALSE;3;1;2;0;2;0;2;3;2;3;0;0;0;0;0;0;Joy Neville;;"Boujard; Filopon; Tremouliere";Penalty try
2019/07/06;Canada;England;17;19;2019 Women's Rugby Super Series;;;;FALSE;FALSE;3;3;1;1;1;1;0;0;0;0;0;0;0;0;0;0;Amy Perrett;;"Beukeboom; Farries (2)";"Penalty try; Smith; Hunter"
2019/07/10;England;France;20;18;2019 Women's Rugby Super Series;;;;FALSE;FALSE;3;2;1;1;1;1;1;2;1;2;0;0;0;0;0;0;Aimee Barrett-Theron;;"Smith; Scarratt (2)";"Banet; Boujard"
2019/07/10;Canada;United States;18;20;2019 Women's Rugby Super Series;;;;FALSE;FALSE;2;3;1;1;1;1;2;1;2;1;0;0;0;0;0;0;Rebecca Mahoney;;DeMerchant (2);"Henreich; Kelter; Thomas"
2019/07/14;New Zealand;England;28;13;2019 Women's Rugby Super Series;;;;FALSE;FALSE;;;;;;;;;;;;;0;0;0;0;Amy Perrett;;;
2019/07/14;France;United States;53;14;2019 Women's Rugby Super Series;;;;FALSE;FALSE;7;2;6;2;6;2;2;0;2;0;0;0;0;0;0;0;Aimee Barrett-Theron;;"Fall; Gros; Ferer; Sansus (2); Banet; M. Ménager";"Kelter; Jacoby"
2019/07/31;China;Kazakhstan;13;8;2019 Asia Rugby Women's Championship Div 1;;;;FALSE;FALSE;;;;;;;;;;;;;;;;;;;;
2019/08/03;China;Kazakhstan;0;15;2019 Asia Rugby Women's Championship Div 1;;;;FALSE;FALSE;;;;;;;;;;;;;;;;;;;;
2019/08/09;Madagascar;Kenya;5;35;2019 Rugby Africa Women's Cup;;;;FALSE;FALSE;1;6;0;1;0;1;0;1;0;1;0;0;;;;;Saudah Adiru;;Veronique Rasoanekena;"Celestine Masinde (2); Irene Otieno; Philadelphia Olando; Diana Ochieng; Christabel Lindo"
2019/08/09;South Africa;Uganda;89;7;2019 Rugby Africa Women's Cup;;;;FALSE;FALSE;15;1;7;1;7;1;0;0;0;0;0;0;;;;;Precious Pazani;;"Rights Mkhari (3); Sinazo Mcatshulwa (2); Zintle Mpupha (2); Babalwa Latsha; Ayanda Malinga; Yonela Ngxingolo; Eloise Webb (3); Snenhlanhla Shozi (2)";Samiya Ajikoru
2019/08/13;Kenya;Uganda;37;5;2019 Rugby Africa Women's Cup;;;;FALSE;FALSE;6;1;2;0;2;0;1;0;1;0;0;0;;;;;Ashleigh Murray-Pretorius;;"Janet Okello (3); Grace Okulu (2); Sheilla Chajira";Samiya Ajikoru
2019/08/13;Madagascar;South Africa;0;73;2019 Rugby Africa Women's Cup;;;;FALSE;FALSE;0;13;0;4;0;4;0;0;0;0;0;0;;;;;Saudah Adiru;;;"Eloise Webb; Rights Mkhari (3); Snenhlanhla Shozi (2); Aseza Hele (2); Ayanda Malinga (2); Zintle Mpupha; Aphiwe Ngwevu (2)"
2019/08/17;Madagascar;Uganda;15;15;2019 Rugby Africa Women's Cup;;;;FALSE;FALSE;2;2;1;1;1;1;1;1;1;1;0;0;;;;;Ashleigh Murray-Pretorius;;"Monica Rasoloniaina; Patricia Ravololonirina";"Juliet Nandawula; Rosenburg Kanyunyuzi"
2019/08/17;South Africa;Kenya;39;0;2019 Rugby Africa Women's Cup;;;;FALSE;FALSE;7;0;2;0;2;0;0;0;0;0;0;0;;;;;Precious Pazani;;"Zintle Mpupha; Lindelwa Gwala; Tayla Kinsey; Snenhlanhla Shozi; Aseza Hele; Mathrin Simmers; Rights Mkhari";
2019/10/12;Finland;Czech Republic;5;5;2019–20 Rugby Europe Women's Trophy;;;;FALSE;FALSE;;;;;;;;;;;;;;;;;;;;
2019/11/02;Sweden;Finland;19;7;2019–20 Rugby Europe Women's Trophy;;;;FALSE;FALSE;;;;;;;;;;;;;;;;;;;;
2019/11/09;Czech Republic;Switzerland;15;5;2019–20 Rugby Europe Women's Trophy;;;;FALSE;FALSE;;;;;;;;;;;;;;;;;;;;
2019/11/16;Czech Republic;Sweden;17;5;2019–20 Rugby Europe Women's Trophy;;;;FALSE;FALSE;;;;;;;;;;;;;;;;;;;;
2019/11/18;Samoa;Papua New Guinea;65;12;2019 Oceania Rugby Women's Championship;;;;FALSE;FALSE;;;;;;;;;;;;;;;;;;;;
2019/11/22;Samoa;Fiji;7;26;2019 Oceania Rugby Women's Championship;;;;FALSE;FALSE;;;;;;;;;;;;;;;;;;;;
2019/11/23;Switzerland;Finland;32;0;2019–20 Rugby Europe Women's Trophy;;;;FALSE;FALSE;;;;;;;;;;;;;;;;;;;;
2020/02/02;France;England;13;19;2020 Women's Six Nations Championship;;;;FALSE;FALSE;1;3;1;2;1;3;2;0;2;0;0;0;0;0;0;0;Aimee Barrett-Theron;;Sansus;"Dow; Fleetwood; Scarratt"
2020/02/02;Ireland;Scotland;18;14;2020 Women's Six Nations Championship;;;;FALSE;FALSE;3;2;0;2;0;2;1;0;1;0;0;0;1;0;0;0;Aurélie Groizeleau;;"Moloney; Naoupu; Parsons";"Thomson; Wassell"
2020/02/02;Wales;Italy;15;19;2020 Women's Six Nations Championship;;;;FALSE;FALSE;2;3;1;2;2;3;1;0;1;0;0;0;0;0;0;0;Sara Cox;;"H. Jones; K. Jones";"Bettoni; Magatti; Stefan"
2020/02/08;France;Italy;45;10;2020 Women's Six Nations Championship;;;;FALSE;FALSE;6;1;5;1;5;1;1;1;1;1;0;0;0;1;0;0;Hollie Davidson;;"Forlani; Banet (2); Annery; Penalty try; Sansus";Barattin
2020/02/09;Ireland;Wales;31;12;2020 Women's Six Nations Championship;;;;FALSE;FALSE;5;2;2;1;4;2;0;0;0;0;0;0;0;1;0;0;Aimee Barrett-Theron;;"Parsons; Moloney; Delany; Djougang; Penalty try";"Smyth; Lillicrap"
2020/02/10;Scotland;England;0;53;2020 Women's Six Nations Championship;;;;FALSE;FALSE;0;8;0;5;0;8;0;1;0;1;0;0;0;0;0;0;Clara Munarini;;;"Bern; Breach; Dow (2); E. Scott (2); Hunter; MacDonald"
2020/02/23;Wales;France;0;50;2020 Women's Six Nations Championship;;;;FALSE;FALSE;0;8;0;5;0;8;0;0;0;0;0;0;0;0;0;0;Nikki O'Donnell;;;"Banet (2); Sansus (2); N'Diaye; M. Ménager; Annery; Boudard"
2020/02/23;England;Ireland;27;0;2020 Women's Six Nations Championship;;;;FALSE;FALSE;5;0;1;0;5;0;0;0;0;0;0;0;0;0;0;0;Hollie Davidson;;"Hunter; Dow; Breach; Fleetwood; McKenna";
2020/03/01;Papua New Guinea;Tonga;24;36;2019 Oceania Rugby Women's Championship;;;;FALSE;FALSE;;;;;;;;;;;;;;;;;;;;
2020/03/07;Netherlands;Russia;21;27;2020 Rugby Europe Women's Championship;;;;FALSE;FALSE;;;;;;;;;;;;;;;;;;;;
2020/03/07;England;Wales;66;7;2020 Women's Six Nations Championship;;;;FALSE;FALSE;10;1;8;0;10;0;0;0;0;0;0;0;1;0;0;0;Amber McLachlan;;"P. Cleall (3); Daley-McLean; Fleetwood; Millar-Mills; Cokayne; Aldcroft; Botterman; McKenna";Penalty try
2020/10/24;Ireland;Italy;21;7;2020 Women's Six Nations Championship;;;;FALSE;FALSE;3;1;2;1;2;1;0;0;0;0;0;0;0;0;0;0;Hollie Davidson;;"Peat; Molloy; Penalty try";Bettoni
2020/10/25;Scotland;France;13;13;2020 Women's Six Nations Championship;;;;FALSE;FALSE;1;2;1;0;1;0;2;1;2;1;0;0;0;0;0;0;Sara Cox;;Shankland;"N'Diaye; Sochat"
2020/11/01;Italy;England;0;54;2020 Women's Six Nations Championship;;;;FALSE;FALSE;0;8;0;7;0;8;0;0;0;0;0;0;0;0;0;0;Aurélie Groizeleau;;;"Kildunne; P. Cleall; Scarratt; Ward; Bern; Breach; Riley; Packer"
2021/03/20;Spain;Russia;56;7;2020 Rugby Europe Women's Championship;;;;FALSE;FALSE;;;;;;;;;;;;;;;;;;;;
2021/03/27;Spain;Netherlands;87;0;2020 Rugby Europe Women's Championship;;;;FALSE;FALSE;;;;;;;;;;;;;;;;;;;;
2021/04/03;England;Scotland;52;10;2021 Women's Six Nations Championship;;;;FALSE;FALSE;8;1;5;1;6;1;0;1;0;1;0;0;2;2;0;1;Aurélie Groizeleau;4674;"Packer; Riley; Davies; B. Cleall; Breach; Rowland; P. Cleall; Penalty try";Smith
2021/04/03;France;Wales;53;0;2021 Women's Six Nations Championship;;;;FALSE;FALSE;8;0;5;0;8;0;1;0;1;0;0;0;0;1;0;0;Nikki O'Donnell;;"Boujard (3); Sochat; Gros (2); Boulard; Touyé";
2021/04/10;Italy;England;3;67;2021 Women's Six Nations Championship;;;;FALSE;FALSE;0;9;0;8;0;9;1;2;1;2;0;0;2;1;0;0;Aurélie Groizeleau;;;"Scarratt; Fleetwood; Dow (2); Millar-Mills; Rowland; B. Cleall; MacDonald; Davies"
2021/04/10;Wales;Ireland;0;45;2021 Women's Six Nations Championship;;;;FALSE;FALSE;0;7;0;5;0;7;0;0;0;0;0;0;0;0;0;0;Hollie Davidson;;;"Considine (2); Parsons (2); Naoupu; Wall; Tyrrell"
2021/04/17;Scotland;Italy;20;41;2021 Women's Six Nations Championship;;;;FALSE;FALSE;2;7;2;3;2;7;2;0;2;0;0;0;0;0;0;0;Nikki O'Donnell;;"Skeldon; Wassell";"Rigoni (2); Furlan (3); Arrighetti; Ostuni Minuzzi"
2021/04/17;Ireland;France;15;56;2021 Women's Six Nations Championship;;;;FALSE;FALSE;2;8;1;4;1;7;1;2;1;2;0;0;2;0;0;0;Sara Cox;;"Moloney; Hooban";"Boujard (2); Boulard; Penalty try; N'Diaye; Banet (2); R. Ménager"
2021/04/24;Scotland;Wales;27;20;2021 Women's Six Nations Championship;;;;FALSE;FALSE;4;2;2;2;4;2;1;2;1;3;0;0;0;0;0;0;Clara Munarini;;"Gaffney; Kennedy; Belisle; Gallagher";"Neumann; C. Lewis"
2021/04/24;Ireland;Italy;25;5;2021 Women's Six Nations Championship;;;;FALSE;FALSE;;;;;;;;;;;;;1;0;0;0;Sara Cox;;;
2021/04/24;England;France;10;6;2021 Women's Six Nations Championship;;;;FALSE;FALSE;1;0;1;0;1;0;1;2;3;4;0;0;0;0;0;0;Hollie Davidson;;P. Cleall;
2021/06/09;Burkina Faso;Cameroon;0;37;2021 Rugby Africa Women's Series;;;;FALSE;FALSE;0;7;0;1;0;1;0;0;0;0;0;0;;;;;Bineta Sene;;;"Etindo Raissa Ngoh; Yondno Gertrude Prombove; Manuella Ngounou; Suzie Mbeya; Léa Eboule; Marie Felice Belle Nana; Marie Paule Nganssa Djomo"
2021/06/12;Cameroon;Burkina Faso;35;3;2021 Rugby Africa Women's Series;;;;FALSE;FALSE;6;0;1;0;1;0;1;1;1;1;0;0;;;;;Bineta Sene;400;"Ngassa Fandio; Nkouane Teclaire Endalle; Suzie Mbeya; Ntchateu Oriane Tankeu; Etindo Raissa Ngoh; Mimosette Mouto";
2021/07/03;Kenya;Madagascar;15;27;2021 Rugby Africa Women's Series;;;;FALSE;FALSE;3;4;0;2;0;2;0;1;0;1;0;0;;;;;Noreen Liyosi;;"Dorcas Sinaida; Staycy Atieno; Michelle Akinyi";"Sophie Razafiarisoa; Veronique Rasoanekena (3)"
2021/07/11;Madagascar;Kenya;10;0;2021 Rugby Africa Women's Series;;;;FALSE;FALSE;2;0;0;0;0;0;0;0;0;0;0;0;;;;;Duncan Kioko;;"Zoanah Fanantenana; Veronique Rasoanekena";
2021/07/14;Uganda;Zimbabwe;41;0;2021 Rugby Africa Women's Series;;;;FALSE;FALSE;7;0;3;0;3;0;0;0;0;0;0;0;;;;;Beril Akinyi;;"Samiya Ajikoru; Emilly Lekuru (3); Grace Auma; Peace Lekuru; Asha Nakityo";
2021/07/18;Zimbabwe;Uganda;3;34;2021 Rugby Africa Women's Series;;;;FALSE;FALSE;0;4;0;4;0;4;1;2;1;2;0;0;;;;;Rosenburg Kanyunyuzi;;;"Peace Lekuru (2); Emily Lekuru; Faith Namugga"
2021/10/09;Tunisia;Senegal;14;3;2021 Rugby Africa Women's Series;;;;FALSE;FALSE;1;0;0;0;0;0;3;1;3;1;0;0;;;;;Beril Akinyi;;Amal Dardouri;
2021/10/13;Senegal;Ivory Coast;45;5;2021 Rugby Africa Women's Series;;;;FALSE;FALSE;7;1;2;0;2;0;2;0;2;0;0;0;;;;;Aymen Jriji;;"Marieme Coumba Barry; Absa Cherif; Amy Nyafouna; Fatou Diame; Fatoumata Bah; Dieynaba Camara (2)";Andréa Dirabou Kouassi
2021/10/17;Tunisia;Ivory Coast;61;0;2021 Rugby Africa Women's Series;;;;FALSE;FALSE;10;0;4;0;4;0;1;0;1;0;0;0;;;;;Saudah Adiru;;"Ranim Madouri (5); Rihab Hammouda (2); Hajer Saoudi; Abir Dhaheri; Sana Chaarana";
2021/11/01;United States;Canada;9;15;2021 Pacific Four Series;;;;FALSE;FALSE;0;2;0;1;0;1;3;1;4;1;0;0;0;0;0;0;Julianne Zussman;;;"Gonzalez; Paquin"
2021/11/05;United States;Canada;13;26;2021 Pacific Four Series;;;;FALSE;FALSE;1;4;1;3;1;4;2;0;2;0;0;0;0;0;0;1;Kat Roche;;Zackary;"de Goede; Holtkamp; Ellis; Paquin"
2021/11/13;Namibia;Zambia;5;75;2021 Rugby Africa Women's Series;;;;FALSE;FALSE;1;13;0;5;0;5;0;0;0;0;0;0;;;;;Bineta Sene;;Alicia Gertze;"Jane Malisa (2); Natasha Musonda (3); Dorothy Kasonka (2); Lillian Mukosha; Queen Nachinga; Elizabeth Chibomba; Rennie Willma Suzie; Loveness Nambela; Juliet Mw"
2022/02/19;Netherlands;Spain;0;69;2022 Rugby Europe Women's Championship;;;;FALSE;FALSE;0;11;0;7;0;11;0;0;0;0;0;0;;;;;Doriane DOMENJO;300;;"Clara PIQUERO (2); Patricia GARCIA; Elisabet SEGARRA; Lea DUCHER; Anna PUIG (2); Zahia PEREZ; Julia CASTRO; Monica CASTELO; Olivia FRESNEDA"
2022/02/26;Spain;Russia;27;0;2022 Rugby Europe Women's Championship;;;;FALSE;FALSE;4;0;2;0;4;0;1;0;1;0;0;0;;;;;Kathie RITCHIE;1250;"Lea DUCHER; Patricia GARCIA; Anna PUIG; Zahia PEREZ";
2022/03/26;Scotland;England;5;57;2022 Women's Six Nations Championship;;;;FALSE;FALSE;1;9;0;6;0;9;0;0;0;0;0;0;0;0;0;0;Joy Neville;3988;Rollie;"M. Packer (3); P. Cleall; Cowell; Dow; Infante; Aitchison; Powell"
2022/03/26;Ireland;Wales;19;27;2022 Women's Six Nations Championship;;;;FALSE;FALSE;3;5;2;1;3;2;0;0;0;0;0;0;0;0;0;0;Kat Roche;6113;"Murphy Crowe; Djougang; Flood";"Phillips; Joyce; Rose (2); H. Jones"
2022/03/27;France;Italy;39;6;2022 Women's Six Nations Championship;;;;FALSE;FALSE;5;0;4;0;5;0;2;2;2;2;0;0;0;0;0;0;Sara Cox;13500;"Fall; Gros; Murie; Boulard; Jacquet";
2022/04/02;France;Ireland;40;5;2022 Women's Six Nations Championship;;;;FALSE;FALSE;6;1;2;0;6;0;2;0;2;0;0;0;0;0;0;0;Aimee Barrett-Theron;12000;"Llorens; Sansus (2); Forlani; Joyeux; Boulard";Higgins
2022/04/02;Wales;Scotland;24;19;2022 Women's Six Nations Championship;;;;FALSE;FALSE;4;3;2;2;4;3;0;0;0;0;0;0;0;0;0;0;Joy Neville;4875;"Phillips; Harries; K. Jones; F. Lewis";"Skeldon; Lloyd (2)"
2022/04/03;Italy;England;0;74;2022 Women's Six Nations Championship;;;;FALSE;FALSE;0;12;0;7;0;12;0;0;0;0;0;0;0;0;0;0;Hollie Davidson;1700;;"McKenna (2); Thompson (3); Davies; Brown; Matthews; Fleetwood; Bern; Sing; Scarratt"
2022/04/09;England;Wales;58;5;2022 Women's Six Nations Championship;;;;FALSE;FALSE;10;1;4;0;10;0;0;0;0;0;0;0;0;0;0;0;Julianne Zussman;14689;"Davies (2); Ward; Breach (2); Bern; Matthews; Brown; Scarratt; Hunter";Jones
2022/04/10;Scotland;France;8;28;2022 Women's Six Nations Championship;;;;FALSE;FALSE;1;4;0;4;0;4;1;0;1;0;0;0;0;0;0;0;Clara Munarini;;Rollie;"Sansus (2); Trémoulière; Hermet"
2022/04/10;Ireland;Italy;29;8;2022 Women's Six Nations Championship;;;;FALSE;FALSE;5;1;1;0;4;0;0;1;0;1;0;0;0;0;0;0;Aurélie Groizeleau;;"Mulhall; Jones; Higgins; Penalty try; O'Dwyer";Bettoni
2022/04/22;Wales;France;5;33;2022 Women's Six Nations Championship;;;;FALSE;FALSE;1;5;0;4;0;5;0;0;0;0;0;0;0;0;0;0;Maggie Cogger-Orr;2794;Harries;"Sansus (2); Boujard; Jacquet; Trémoulière"
2022/04/23;Italy;Scotland;20;13;2022 Women's Six Nations Championship;;;;FALSE;FALSE;2;1;2;1;2;1;2;2;2;2;0;0;0;0;0;0;Lauren Jenner;;"Bettoni; Turani";Wassell
2022/04/24;England;Ireland;69;0;2022 Women's Six Nations Championship;;;;FALSE;FALSE;11;0;7;0;11;0;0;0;0;0;0;0;0;0;0;1;Amber McLachlan;15863;"Davies (2); Bern; Packer; Thompson (2); Cleall (2); Botterman; Kildunne (2)";
2022/04/30;Wales;Italy;8;10;2022 Women's Six Nations Championship;;;;FALSE;FALSE;1;1;0;1;1;1;1;1;1;1;0;0;0;0;0;0;Amber McLachlan;;Bevan;Barattin
2022/04/30;France;England;12;24;2022 Women's Six Nations Championship;;;;FALSE;FALSE;2;3;1;3;2;3;0;1;0;1;0;0;0;0;0;0;Hollie Davidson;;"Ménager; Deshaye";"Bern (2); Ward"
2022/04/30;Ireland;Scotland;15;14;2022 Women's Six Nations Championship;;;;FALSE;FALSE;2;1;1;0;2;1;1;3;2;3;0;0;0;0;0;0;Maggie Cogger-Orr;;"Jones; Breen";Gallagher
2022/06/06;Canada;United States;36;5;2022 Pacific Four Series;;;;FALSE;FALSE;6;1;3;0;6;1;0;0;0;0;0;0;0;0;0;0;Lauren Jenner;;"DeMerchant (2); Buisa (2); Holtkamp; Perry";Taufo'ou
2022/06/06;New Zealand;Australia;23;10;2022 Pacific Four Series;;;;FALSE;FALSE;4;1;0;1;4;1;1;1;1;1;0;0;;;;;Sara Cox;;"Leti-L'Iga (2); A. Bremner; Olsen-Baker";Patu
2022/06/12;United States;Australia;16;14;2022 Pacific Four Series;;;;FALSE;FALSE;1;2;1;2;1;2;3;0;3;0;0;0;0;0;0;0;Maggie Cogger-Orr;;Rogers;"Friedrichs; Marsters"
2022/06/12;Canada;New Zealand;0;28;2022 Pacific Four Series;;;;FALSE;FALSE;0;4;0;1;0;4;0;2;0;2;0;0;0;0;0;0;Amber McLachlan;;;"Tui (2); Roos; C. Bremner"
2022/06/15;South Africa;Zimbabwe;108;0;2022 Rugby Africa Women's Cup;;;;FALSE;FALSE;17;0;10;0;17;0;1;0;1;0;0;0;;;;;Saudah Adiru;;"Nomawethu Mabenge (3); Zintle Mpupha (2); Lindelwa Gwala; Ayanda Malinga (2); Sizophila Solontsi (2); Lusanda Dumke; Sinazo Mcatshulwa; Nadine Roos; Tayla Kinse";
2022/06/18;Australia;Canada;10;22;2022 Pacific Four Series;;;;FALSE;FALSE;1;3;1;2;1;3;1;1;1;1;0;0;0;0;0;0;Lauren Jenner;;Marsters;"Tuttosi; Pelletier; Ellis"
2022/06/18;New Zealand;United States;50;6;2022 Pacific Four Series;;;;FALSE;FALSE;8;0;5;0;8;0;0;2;0;2;0;0;0;0;0;0;Julianne Zussman;;"Leti-I'iga (3); Marino-Tauhinu; Holmes; Brunt; Reynolds; Wickliffe";
2022/06/19;Zimbabwe;Namibia;72;0;2022 Rugby Africa Women's Cup;;;;FALSE;FALSE;12;0;6;0;12;0;0;0;0;0;0;0;;;;;Aimee Barrett-Theron;;"Chiwoniso Emelda Mabika (4); Precious Chirinda (2); Rumbidzai Chigumbu; Ruvimbo Musere; Pauline Sianga; Robyn Mbembere (2); Caroline Malenga";
2022/06/23;South Africa;Namibia;128;3;2022 Rugby Africa Women's Cup;;;;FALSE;FALSE;20;0;14;0;20;0;0;1;0;1;0;0;;;;;Eri Kamimura;;"Aphiwe Ngwevu; Libbie Janse van Rensburg (2); Zintle Mpupha (4); Sizophila Solontsi; Ayanda Malinga; Nompumelelo Mathe (2); Sinazo Mcatshulwa (2); Nadine Roos (";
2022/07/09;Samoa;Tonga;25;17;2022 Oceania Rugby Women's Championship;;;;FALSE;FALSE;4;3;1;1;1;1;1;0;1;0;0;0;;;;;Larissa Woolerton;;"Atonio (2); Curry; Bloomfield";"Hufanga (2); Hala"
2022/07/09;Fiji;Papua New Guinea;152;0;2022 Oceania Rugby Women's Championship;;;;FALSE;FALSE;24;0;16;0;16;0;0;0;0;0;0;0;;;;;Avi'i Fa'alupega;;"Delaiwau (4); Lomani (3); Wilson (2); Naikore (2); Coates; Laqeretabua; Matarugu; Milina; Nabura; Ofakimalino; Rokouono; Rubuti; Senikarivi; Tagabale; Vasuturag";
2022/07/13;Samoa;Papua New Guinea;91;0;2022 Oceania Rugby Women's Championship;;;;FALSE;FALSE;15;0;8;0;8;0;0;0;0;0;0;0;;;;;Avi'i Fa'alupega;;"Eli (3); Fiafia (3); Atonio (2); Suluvale (2); Fanene; Leaula; Robertson; Tauasosi; Tuilaepa";
2022/07/13;Fiji;Tonga;34;7;2022 Oceania Rugby Women's Championship;;;;FALSE;FALSE;6;1;2;1;2;1;0;0;0;0;0;0;;;;;Larissa Woolerton;;"Naikore (3); Arei; Delaiwau; Tawake";Hufanga
2022/07/18;Tonga;Papua New Guinea;108;7;2022 Oceania Rugby Women's Championship;;;;FALSE;FALSE;18;1;9;1;9;1;0;0;0;0;0;0;;;;;Avi'i Fa'alupega;;"Hufanga (4); ‘Akau’ola (3); Ma’ake (2); Mahoni (2); Manumu’a (2); Faukafa; Hifo; Hopoi; Pita; Tova";Paloa
2022/07/18;Fiji;Samoa;31;24;2022 Oceania Rugby Women's Championship;;;;FALSE;FALSE;5;2;3;1;3;1;0;4;0;4;0;0;;;;;Larissa Woolerton;;"Delaiwau; Laqeretabua; Mirini; Ravato; Vonosere";"Curry; Fiafia"
2022/10/08;Australia;New Zealand;17;41;2021 Women's Rugby World Cup;;;;FALSE;TRUE;3;7;1;3;3;5;0;0;0;0;0;0;2;0;0;0;Aimee Barrett-Theron;34235;"Terita (2); Wong";"Ngan-Woo; Woodman (3); Tangen-Wainohu; Tui (2)"
2022/10/08;South Africa;France;5;40;2021 Women's Rugby World Cup;;;;FALSE;TRUE;1;6;0;5;0;6;0;0;0;0;0;0;1;0;0;0;Maggie Cogger-Orr;34235;Mabenge;"Sansus (2); Vernier; Boulard; Drouin; Grisez"
2022/10/08;Fiji;England;19;84;2021 Women's Rugby World Cup;;;;FALSE;TRUE;3;14;2;7;3;14;0;0;0;0;0;0;1;0;0;0;Aurélie Groizeleau;34235;"Nakoci; Donu; Cavuru";"MacDonald (4); Cokayne (2); Ward; Rowland; Aldcroft; Thompson (2); Dow; Infante; Powell"
2022/10/09;Wales;Scotland;18;15;2021 Women's Rugby World Cup;;;;FALSE;TRUE;2;3;1;0;2;0;2;0;3;0;0;0;2;0;0;0;Clara Munarini;;"Butchers; Powell";"Skeldon; Gaffney (2)"
2022/10/09;United States;Italy;10;22;2021 Women's Rugby World Cup;;;;FALSE;TRUE;2;4;0;1;0;4;0;0;0;0;0;0;0;1;0;0;Hollie Davidson;;"Taufo'ou; Kronish";"Ostuni Minuzzi; Muzzo (2); Magatti"
2022/10/09;Japan;Canada;5;41;2021 Women's Rugby World Cup;;;;FALSE;TRUE;1;7;0;3;0;7;0;0;0;0;0;0;0;0;0;0;Joy Neville;;Takano;"Farries; Tuttosi (3); Miller (2); Nelson"
2022/10/14;Tunisia;Senegal;24;7;2022 Rugby Africa Women's Cup;;;;FALSE;FALSE;4;1;2;1;2;1;0;0;0;0;0;0;;;;;Christabelle Lim Mee;200;"Ahd Ragoubi (2); Yassmine El Korbi; Hzahra Haddaji";Mariame Diaw
2022/10/15;Scotland;Australia;12;14;2021 Women's Rugby World Cup;;;;FALSE;TRUE;2;2;0;2;0;2;0;0;0;0;0;0;0;0;0;2;Lauren Jenner;;"Skeldon; Penalty try";"Terita; Marsters"
2022/10/15;United States;Japan;30;17;2021 Women's Rugby World Cup;;;;FALSE;TRUE;4;3;2;1;2;1;2;0;2;0;0;0;1;1;0;0;Amber McLachlan;;"Kitlinski; Kelter; Cairns; Detiveaux";"Abe; Nagura; Imakugi"
2022/10/15;France;England;7;13;2021 Women's Rugby World Cup;;;;FALSE;TRUE;1;1;1;1;1;1;0;2;0;2;0;0;0;0;0;0;Joy Neville;;Hermet;Scarratt
2022/10/16;Wales;New Zealand;12;56;2021 Women's Rugby World Cup;;;;FALSE;TRUE;2;10;1;3;1;8;0;0;0;0;0;0;0;2;0;0;Hollie Davidson;;"F. Lewis; Harries";"C. Bremner; Woodman (2); Brunt (2); Roos; Fitzpatrick; Murray; Demant; Tui"
2022/10/16;Italy;Canada;12;22;2021 Women's Rugby World Cup;;;;FALSE;TRUE;2;4;1;1;2;3;0;0;0;0;0;0;0;1;0;0;Sara Cox;;"Ostuni Minuzzi; Giordano";"Farries; Kaljuvee; Tuttosi (2)"
2022/10/16;Fiji;South Africa;21;17;2021 Women's Rugby World Cup;;;;FALSE;TRUE;3;2;3;2;3;2;0;1;0;1;0;0;1;1;0;0;Clara Munarini;;"Delaiwau; Sokoiwasa; Naisewa";"Mpupha; Hele"
2022/10/18;Madagascar;Senegal;34;25;2022 Rugby Africa Women's Cup;;;;FALSE;FALSE;6;4;2;1;2;1;0;1;0;1;0;0;;;;;Christabelle Lim Mee;100;"Veronique Rasoanekena (2); Ginah Raharimalala (2); Fabrina Holinirina; Sariaka Nomenjanahary";"Mariame Diaw; Khadija Camara; Yvonne Mendy; Dieynaba Camara"
2022/10/22;Tunisia;Madagascar;5;27;2022 Rugby Africa Women's Cup;;;;FALSE;FALSE;1;4;0;2;0;2;0;1;0;1;0;0;;;;;Maria Latos;400;Mekni Meriem;"Tiana Razanamahefa; Veronique Rasoanekena (3)"
2022/10/22;Finland;Germany;43;5;2022–23 Rugby Europe Women's Trophy;;;;FALSE;FALSE;7;1;4;0;7;0;0;0;0;0;0;0;;;;;Hana Erika Radochová;200;"Sarianna Haavisto; Emmi Ovaskainen; Anna Soiluva (4); Kati Heikkonen";Lara Bürger
2022/10/22;Belgium;Portugal;5;71;2022–23 Rugby Europe Women's Trophy;;;;FALSE;FALSE;1;11;0;8;0;11;0;0;0;0;0;0;;;;;Nino Eloshvili;300;Chanel Germiat;"Sara Moreira (2); Neuza Reis; Maria Costa (2); Daniela Correia; Beatriz Rodrigues; Marta Magalhaes; Mariana Santos; Yara Fonseca; Inês Spínola"
2022/10/22;Australia;Wales;13;7;2021 Women's Rugby World Cup;;;;FALSE;TRUE;1;1;1;1;1;1;2;0;2;0;0;0;1;0;0;0;Sara Cox;;Batibasaga;Harries
2022/10/22;New Zealand;Scotland;57;0;2021 Women's Rugby World Cup;;;;FALSE;TRUE;9;0;6;0;8;0;0;0;0;0;0;0;1;0;0;0;Aurélie Groizeleau;;"Holmes (2); Leti-I'iga; Hirini; Mikaele-Tu'u; Fitzpatrick; Wickliffe (2); Roos";
2022/10/22;France;Fiji;44;0;2021 Women's Rugby World Cup;;;;FALSE;TRUE;7;0;3;0;6;0;1;0;1;0;0;0;0;0;0;1;Amber McLachlan;;"M. Ménager; Llorens; Filopon (2); Gros; Boulard; Domain";
2022/10/23;Japan;Italy;8;21;2021 Women's Rugby World Cup;;;;FALSE;TRUE;1;2;0;1;0;1;1;3;1;3;0;0;1;0;0;0;Maggie Cogger-Orr;;Hosokawa;"Magatti; Bettoni"
2022/10/23;Canada;United States;29;14;2021 Women's Rugby World Cup;;;;FALSE;TRUE;5;2;2;2;4;2;0;0;0;0;0;0;0;0;0;0;Aimee Barrett-Theron;;"Tuttosi; Tessier; Farries; DeMerchant; Nelson";"Kelter; Zackary"
2022/10/23;England;South Africa;75;0;2021 Women's Rugby World Cup;;;;FALSE;TRUE;13;0;5;0;9;0;0;0;0;0;0;0;1;2;0;0;Lauren Jenner;;"Galligan (3); P. Cleall (2); Brown; Powell (3); M. Packer; Kabeya (2); Dow";
2022/10/25;Uganda;Zambia;36;17;2022 Rugby Africa Women's Cup;;;;FALSE;FALSE;3;3;3;1;3;1;5;0;5;0;0;0;;;;;Bimeta Sene;700;"Angella Nanyonjo; Charlotte Thereza Mudoola; Peace Lekuru";"Jane Malisa; Rennie Suzi Willima; Mary Lyamba"
2022/10/29;Zambia;Kenya;17;36;2022 Rugby Africa Women's Cup;;;;FALSE;FALSE;3;4;1;2;1;2;0;3;0;3;0;1;;;;;Julie Mamisoa;700;"Mary Lyamba (2); Veronica Lungu";"Phoebe Otieno; Naomi Amuguni; Christabel Lindo; Leah Ndungu"
2022/10/29;France;Italy;39;3;2021 Women's Rugby World Cup;;;;FALSE;TRUE;5;0;3;0;4;0;2;1;2;1;0;0;0;2;0;0;Hollie Davidson;;"Grisez (3); Penalty try; Touyé";
2022/10/29;New Zealand;Wales;55;3;2021 Women's Rugby World Cup;;;;FALSE;TRUE;9;0;5;0;7;0;0;1;0;1;0;0;0;2;0;0;Aimee Barrett-Theron;;"Woodman (2); Tui; Hirini; Rule; Connor (2); A. Bremner; Demant";
2022/10/30;England;Australia;41;5;2021 Women's Rugby World Cup;;;;FALSE;TRUE;7;1;3;0;7;0;0;0;0;0;0;0;1;1;0;0;Maggie Cogger-Orr;;"Hunter; M. Packer (3); Ward; Cokayne; Matthews";Chancellor
2022/10/30;Canada;United States;32;11;2021 Women's Rugby World Cup;;;;FALSE;TRUE;4;1;3;0;4;0;2;2;2;2;0;0;0;1;0;0;Joy Neville;;"Hunt; Paquin; Farries; Tessier";Kitlinski
2022/11/02;Uganda;Kenya;3;23;2022 Rugby Africa Women's Cup;;;;FALSE;FALSE;0;3;0;1;0;1;1;1;1;1;0;1;;;;;Bimeta Sene;;;"Ann Ochieng; Christabel Lindo; Rose Otieno"
2022/11/04;Cameroon;Ivory Coast;8;0;2022 Rugby Africa Women's Cup;;;;FALSE;FALSE;1;0;0;0;0;0;1;0;1;0;0;0;;;;;Beril Akinyi;;Fatoumata Cisse;
2022/11/05;Germany;Czech Republic;12;10;2022–23 Rugby Europe Women's Trophy;;;;FALSE;FALSE;2;2;1;0;2;0;0;0;0;0;0;0;;;;;Maria Heitor;200;"Laura Schwinn; Steffi Gruber";Pavlína Čuprová (2)
2022/11/05;Canada;England;19;26;2021 Women's Rugby World Cup;;;;FALSE;TRUE;3;3;2;1;3;3;0;3;0;3;0;0;0;1;0;0;Aimee Barrett-Theron;;"Paquin; Corrigan; Beukeboom";"M. Packer; Dow (2)"
2022/11/05;New Zealand;France;25;24;2021 Women's Rugby World Cup;;;;FALSE;TRUE;3;3;2;3;3;3;2;1;3;2;0;0;1;1;0;0;Joy Neville;;"Fluhler; Tui; Fitzpatrick";"R. Ménager (2); Vernier"
2022/11/08;Ivory Coast;Burkina Faso;50;10;2022 Rugby Africa Women's Cup;;;;FALSE;FALSE;7;2;6;0;6;0;1;0;1;0;0;0;;;;;Julie Randriarimanana;;"Fereta Aicha Sekongo; Antoinette Gbeuli; Fatoumata Cisse (2); Adeline Lamoine; Fanta Toure; Kpan Anais Goue";"Guemilatou Zombre; Awa Goro"
2022/11/12;Cameroon;Burkina Faso;52;0;2022 Rugby Africa Women's Cup;;;;FALSE;FALSE;10;0;1;0;1;0;0;0;0;0;0;0;;;;;Beril Akinyi;;"Raissa Ngoh Eyindo; Danielle Moudangwedi (2); Yvana Mengue (2); Honorine Mbuh Fri; Andrea Ntouh Dooh; Oriane Tankeu; Lydie Colette Younga Ewane (2)";
2022/11/12;Canada;France;0;36;2021 Women's Rugby World Cup;;;;FALSE;TRUE;0;5;0;4;0;5;0;1;0;1;0;0;0;0;0;0;Sara Cox;;;"Fall; Bourdon; Ménager (2); Deshayes"
2022/11/12;England;New Zealand;31;34;2021 Women's Rugby World Cup;;;;FALSE;TRUE;5;6;3;2;5;6;0;0;0;0;0;0;0;1;1;0;Hollie Davidson;43759;"Kildunne; Cokayne (3); Packer";"Ponsonby; I'iga (2); Rule; Fluhler; Murray"
2022/11/19;Czech Republic;Belgium;29;21;2022–23 Rugby Europe Women's Trophy;;;;FALSE;FALSE;5;3;2;3;2;3;0;0;0;0;0;0;;;;;Lorena Martínez;500;"Sára Lea Exnerova (2); Tereza Bathova; Katerina Novakova; Pavlína Čuprová";"Jade Cloof; Clotilde Toussaint; Madeleine Beriot"
2022/12/10;Hong Kong;Kazakhstan;31;17;2022 Asia Rugby Women's Championship;;;;FALSE;FALSE;5;3;0;1;0;1;2;0;2;0;0;0;;;;;;;"Jessica Eden (2); Hoi Yan Poon; Natasha Olson-Thorne; Tsz Ching Chan";"Lyudmila Sherer; Galina Krassavina; Amina Tulegenova"
2022/12/17;Hong Kong;Kazakhstan;14;12;2022 Asia Rugby Women's Championship;;;;FALSE;FALSE;2;2;2;1;2;1;0;0;0;0;0;0;;;;;;;"Sin Yi Au Yeung; Zoe Smith";"Lyudmila Sherer; Balzhan Koishibayeva"
2023/02/04;Portugal;Finland;39;0;2022–23 Rugby Europe Women's Trophy;;;;FALSE;FALSE;;;;;;;;;;;;;;;;;Lorena Martínez;150;;
2023/02/11;Netherlands;Sweden;38;12;2023 Rugby Europe Women's Championship;;;;FALSE;FALSE;6;2;4;1;6;2;0;0;0;0;0;0;;;;;Adele Robert;2000;"Anouk Veerkamp (3); Noa Johanna Donkersloot; Helen Adriana Maria Van Hattem (2)";"Matilda Mahlberg; Sara Jacobsson"
2023/02/19;Spain;Netherlands;70;0;2023 Rugby Europe Women's Championship;;;;FALSE;FALSE;12;0;5;0;12;0;0;0;0;0;0;0;;;;;Melissa Leboeuf;450;"Clara Piquero Fernández; Claudia Peña Hidalgo (2); Alba Capell Sandín (2); Alba Vinuesa García; Maider Aresti Félix; Claudia Pérez Pérez (2); Lucia Gayoso Aycar";
2023/02/25;Spain;Sweden;90;5;2023 Rugby Europe Women's Championship;;;;FALSE;FALSE;14;1;10;0;14;0;0;0;0;0;0;0;;;;;Maria Heitor;1450;"Zahía Pérez (2); Maider Aresti Félix (2); Vico Gorrochategui Juste; Alba Vinuesa García (4); Claudia Pérez Pérez (2); Lucia Gayoso Aycart; Ceci Huarte Sebastián";Olivia Palmgren
2023/03/04;Portugal;Czech Republic;51;0;2022–23 Rugby Europe Women's Trophy;;;;FALSE;FALSE;8;0;4;0;8;0;1;0;1;0;0;0;;;;;Alexandra Ferré;500;"Inês Spínola; Leonor Amaral; Ana Freire; Isabel Ozório; Matilde Goes (2); Daniela Correia; Raquel Costa";
2023/03/04;Belgium;Germany;10;14;2022–23 Rugby Europe Women's Trophy;;;;FALSE;FALSE;2;2;0;2;0;2;0;0;0;0;0;0;;;;;Hana Erika Radochová;500;"Lorisse Ranger; Ciska De Grave";"Joy Weatherspoon; Johanna Hacker"
2023/03/18;Czech Republic;Finland;0;3;2022–23 Rugby Europe Women's Trophy;;;;FALSE;FALSE;0;0;0;0;0;0;0;1;0;1;0;0;;;;;Nino Eloshvili;350;;
2023/03/25;Wales;Ireland;31;5;2023 Women's Six Nations Championship;;;;FALSE;FALSE;5;1;3;0;5;0;0;0;0;0;0;0;0;0;0;0;Amber McLachlan;4962;"Callender; Bevan; Harries; H. Jones; Tuipulotu";Fryday
2023/03/25;England;Scotland;58;7;2023 Women's Six Nations Championship;;;;FALSE;FALSE;10;1;4;1;10;1;0;0;0;0;0;0;0;0;0;0;Aimee Barrett-Theron;10053;"MacDonald (2); Cokayne (2); Heard; P. Cleall; Kabeya; M. Packer (3)";Rollie
2023/03/26;Italy;France;12;22;2023 Women's Six Nations Championship;;;;FALSE;FALSE;2;3;1;2;2;3;0;1;0;2;0;0;0;0;0;0;Maggie Cogger-Orr;1982;"Franco; D'Incà";"Vernier; Arbez; Boujard"
2023/04/01;Ireland;France;3;53;2023 Women's Six Nations Championship;;;;FALSE;FALSE;0;9;0;4;0;7;1;0;1;0;0;0;0;0;0;1;Hollie Davidson;5214;;"Forlani; Boujard; Bourdon (2); Vernier (2); Sochat; Banet; Escudero"
2023/04/01;Scotland;Wales;22;34;2023 Women's Six Nations Championship;;;;FALSE;FALSE;3;5;2;3;3;5;1;1;1;1;0;0;0;0;0;0;Maggie Cogger-Orr;3031;"Skeldon; Grant; Rollie";"Tuipulotu (2); Pyrs (2); F. Lewis"
2023/04/01;Canada;United States;50;17;2023 Pacific Four Series;;;;FALSE;FALSE;8;2;5;2;8;2;0;1;0;1;0;0;0;0;0;0;Amber McLachlan;;"Tuttosi; Poulin (2); Bermudez; Lachance; Beukeboom; Taylor; Boag";"Rogers; Clapp"
2023/04/02;England;Italy;68;5;2023 Women's Six Nations Championship;;;;FALSE;FALSE;12;1;4;0;12;0;0;0;0;0;0;0;0;0;0;0;Kat Roche;12947;"Breach (3); Dow (4); MacDonald (2); Heard; M. Packer (2)";Tounesi
2023/04/15;Wales;England;3;59;2023 Women's Six Nations Championship;;;;FALSE;FALSE;0;9;0;7;0;9;1;0;1;0;0;0;0;0;0;0;Joy Neville;8862;;"L. Packer; Heard; Dow; Aitchison; Breach; Kildunne; Muir; Botterman; Beckett"
2023/04/15;Italy;Ireland;24;7;2023 Women's Six Nations Championship;;;;FALSE;FALSE;3;1;3;0;3;0;1;0;1;0;0;0;0;0;0;0;Aurélie Groizeleau;3872;"Stefan; D'Incà (2)";Penalty try
2023/04/15;Germany;Portugal;5;20;2022–23 Rugby Europe Women's Trophy;;;;FALSE;FALSE;1;4;0;0;0;0;0;0;0;0;0;0;;;;;Petra Druskovic;400;Anja Fischer;"Ana Freire (2); Matilde Goes; Sara Moreira"
2023/04/16;France;Scotland;55;0;2023 Women's Six Nations Championship;;;;FALSE;FALSE;9;0;5;0;9;0;0;0;0;0;0;0;0;0;0;0;Lauren Jenner;10044;"Bourdon; Llorens; Boulard (3); Hermet; Vernier; R. Ménager; Filopon";
2023/04/22;Ireland;England;0;48;2023 Women's Six Nations Championship;;;;FALSE;FALSE;0;8;0;4;0;8;0;0;0;0;0;0;0;0;0;0;Lauren Jenner;5309;;"Beckett; Heard; Kildunne; M. Packer; Talling; Reed; Matthews (2)"
2023/04/22;Scotland;Italy;29;21;2023 Women's Six Nations Championship;;;;FALSE;FALSE;5;3;2;3;5;3;0;0;0;0;0;0;0;0;0;1;Aurélie Groizeleau;3638;"McMillan; Skeldon (2); Bartlett (2)";"Franco; Tounesi; Vecchini"
2023/04/23;France;Wales;39;14;2023 Women's Six Nations Championship;;;;FALSE;FALSE;6;2;3;2;6;2;1;0;1;0;0;0;0;0;0;0;Clara Munarini;18604;"R. Ménager; Hermet; Llorens (2); Escudero; Bernadou";"G. Evans; Pyrs"
2023/04/29;England;France;38;33;2023 Women's Six Nations Championship;;;;FALSE;FALSE;6;5;3;4;5;5;0;0;0;0;0;0;0;0;0;0;Aimee Barrett-Theron;58498;"Dow; M. Packer; Matthews; Penalty try; Aldcroft; Davies";"Boulard; Vernier; Escudero; Gros; Banet"
2023/04/29;Italy;Wales;10;36;2023 Women's Six Nations Championship;;;;FALSE;FALSE;1;5;1;4;1;5;1;1;1;1;0;0;0;0;0;0;Joy Neville;3213;Madia;"B. Lewis; Tuipulotu; Harries; Callender; Lake"
2023/04/29;Scotland;Ireland;36;10;2023 Women's Six Nations Championship;;;;FALSE;FALSE;6;1;3;1;6;1;0;1;0;1;0;0;0;0;0;0;Sara Cox;4862;"Smith; Skeldon; Bartlett; McGhie; Malcolm; Rollie";Fryday
2023/05/20;South Africa;Cameroon;87;0;2023 Rugby Africa Women's Cup;;;;FALSE;FALSE;15;0;5;0;5;0;0;0;0;0;0;0;;;;;Julie Randriarimanana;;"Roseline Botes (2); Jakkie Cilliers; Asiphe Mayaba (4); Penalty Try; Asithandile Ntoyanto; Nompumelelo Mathe; Rights Mkhari (3); Lindelwa Gwala; Simamkele Namba";
2023/05/20;Kenya;Madagascar;29;20;2023 Rugby Africa Women's Cup;;;;FALSE;FALSE;5;3;1;1;1;1;0;1;0;1;0;0;;;;;Precious Pazani;;"Grace Okulu (2); Penalty Try; Judith Okumu (2)";"Ginah Raharimalala; Zaya Fanantenana; Miora Rabarivelo"
2023/05/24;South Africa;Kenya;48;0;2023 Rugby Africa Women's Cup;;;;FALSE;FALSE;8;0;4;0;4;0;0;0;0;0;0;0;;;;;Maria Heitor;;"Zintle Mpupha (2); Nomawethu Mabenge (4); Sizophila Solontsi; Chumisa Qawe";
2023/05/24;Madagascar;Cameroon;30;10;2023 Rugby Africa Women's Cup;;;;FALSE;FALSE;5;2;1;0;1;0;1;0;1;0;0;0;;;;;Bineta Sene;;"Mamisoa Rasoarimalala (2); Miora Rabarivelo; Mialy Ravaoarinoro; Nantenaina Ravololonirrina";Danielle Moudangwedi (2)
2023/05/26;Papua New Guinea;Fiji;0;77;2023 Oceania Rugby Women's Championship;;;;FALSE;FALSE;0;13;0;6;0;6;0;0;0;0;0;0;;;;;Ella Goldsmith;;;"Keleni Marawa; Ana Maria Naimasi (2); Reapi Ulunisau (4); Ana Korovata; Fulori Nabura; Sulita Waisega (2); Raijieli Daveua; Bitila Tawake"
2023/05/26;Samoa;Tonga;69;5;2023 Oceania Rugby Women's Championship;;;;FALSE;FALSE;11;1;7;0;7;0;0;0;0;0;0;0;;;;;Lavenia Racaca;;"Utumalama Atonio (2); Jacqui Aiono; Linda Fiafia; Hasting Leiataua (2); Makayla Eli; Cassie Siataga; Easter Savelio; Nina Foaese; Rereglory Aiono";Seneti Kilisimasi
2023/05/28;Japan;Kazakhstan;72;0;2023 Asia Rugby Women's Championship;;;;FALSE;FALSE;11;0;7;0;7;0;1;0;1;0;0;0;;;;;Christabelle Lim;;"Ayano Nagai (2); Komachi Imakugi; Kotono Yasuo (2); Wako Kitano; Sora Nishimura; Yuki Paraki; Otoka Yoshimura; Masami Kawamura; Ayumu Kokaji";
2023/05/28;Kenya;Cameroon;52;3;2023 Rugby Africa Women's Cup;;;;FALSE;FALSE;8;0;6;0;6;0;0;1;0;1;0;0;;;;;Maria Heitor;;"Nelly Chikombe; Grace Okulu (2); Judith Okumu; Phoebe Otieno; Stella Wafula; Terry Isabwa; Mitchelle Owuor";
2023/05/28;South Africa;Madagascar;79;8;2023 Rugby Africa Women's Cup;;;;FALSE;FALSE;13;1;7;0;7;0;0;1;0;1;0;0;;;;;Precious Pazani;;"Lindelwa Gwala; Sanelisiwe Charlie; Chumisa Qawe; Sizophila Solontsi (2); Nomawethu Mabenge (2); Danelle Lochner; Simamkele Namba; Libbie Janse van Rensburg; Si";Zaya Fanantenana
2023/05/30;Samoa;Papua New Guinea;83;0;2023 Oceania Rugby Women's Championship;;;;FALSE;FALSE;13;0;9;0;9;0;0;0;0;0;0;0;;;;;Lavenia Racaca;;"Utumalama Atonio; Hasting Leiataua (2); Michelle Curry (2); Makayla Eli; Mollie Tagaloa; Ana Mamea; Nina Foaese; Alyce Solaese; Lulu Leuta; Sui Pauaraisa; Bella";
2023/05/30;Fiji;Tonga;45;12;2023 Oceania Rugby Women's Championship;;;;FALSE;FALSE;7;2;5;1;5;1;0;0;0;0;0;0;;;;;Ella Goldsmith;;"Vani Arei; Raijieli Daveua (2); Ana Maria Naimasi (3); Luisa Tisolo";"Sokopeti Jessica Akauola; Loketi Serenity Mahoni"
2023/06/04;Papua New Guinea;Tonga;22;30;2023 Oceania Rugby Women's Championship;;;;FALSE;FALSE;3;4;2;2;2;2;1;2;1;2;0;0;;;;;Lavenia Racaca;;"Joana Lagona; Brenda Waiye Goro; Marie Biyama";"Siutiti Maake (2); Lu'isa Sikata Pita; Moniqca Mo'ale"
2023/06/04;Fiji;Samoa;18;19;2023 Oceania Rugby Women's Championship;;;;FALSE;FALSE;3;1;0;1;0;1;1;4;1;4;0;0;;;;;Ella Goldsmith;;"Vani Arei; Siteri Rasolea; Adita Milinia";Cassie Siataga
2023/06/29;Australia;New Zealand;0;50;2023 Pacific Four Series;;;;FALSE;FALSE;0;8;0;5;0;8;0;0;0;0;0;0;0;0;0;0;Aimee Barrett-Theron;7055;;"Kalounivale; Brunt (2); Paul (2); C. Bremner; A. Bremner; Hohaia"
2023/07/05;Colombia;Brazil;24;23;2023 WXV;;;;FALSE;FALSE;3;3;3;1;3;2;1;2;1;2;0;0;;;;;Federico Solari;;"Álvarez (2); Gutiérrez";"Santini; Gomes; Valente"
2023/07/08;Australia;United States;58;17;2023 Pacific Four Series;;;;FALSE;FALSE;9;3;5;1;9;3;1;0;1;0;0;0;0;0;0;0;Julianne Zussman;;"Hamilton; Karpani (2); Talakai; Stewart (3); Wong; Friedrichs";"Ashenbrucker; Detiveaux (2)"
2023/07/08;Canada;New Zealand;21;52;2023 Pacific Four Series;;;;FALSE;FALSE;3;8;3;6;3;8;0;0;0;1;0;0;0;0;0;0;Sara Cox;10092;"de Goede; Forteza; DeMerchant";"Connor; Demant; Paul (2); du Plessis (2); Holmes; Teneti"
2023/07/09;Brazil;Colombia;19;30;2023 WXV;;;;FALSE;FALSE;;;;;;;;;;;;;;;;;Federico Solari;;;
2023/07/14;New Zealand;United States;39;17;2023 Pacific Four Series;;;;FALSE;FALSE;6;2;3;2;6;2;1;1;1;1;0;0;0;0;1;0;Julianne Zussman;1000;"Gago; Marino-Tauhinu; Love; Mikaele-Tu'u; Demant; du Plessis";"Tafuna; Johnson"
2023/07/14;Canada;Australia;45;7;2023 Pacific Four Series;;;;FALSE;FALSE;7;1;5;1;7;1;0;0;0;0;0;0;0;0;0;0;Sara Cox;;"de Goede (2); Lachance; Beukeboom (3); Gallagher";Marsters
2023/07/22;Italy;Spain;23;0;2023 WXV;;;;FALSE;FALSE;4;0;0;0;0;0;1;0;1;0;0;0;;;;;Aimee Barrett-Theron;1035;"Giordano; D'Incà; Vecchini; Granzotto";
2023/10/13;Italy;Japan;28;15;2023 WXV;;;;FALSE;FALSE;4;3;4;0;4;0;0;0;0;0;0;0;0;0;0;0;Kat Roche;;"Rigoni; Muzzo (2); Granzotto";"Matsumura (2); Nduka"
2023/10/13;Scotland;South Africa;31;17;2023 WXV;;;;FALSE;FALSE;5;2;3;2;4;2;0;1;0;1;0;0;0;0;0;0;Natarsha Ganley;;"Gallagher; Skeldon (2); Bartlett; Thomson";"Hele; Botes"
2023/10/13;Fiji;Colombia;67;13;2023 WXV;;;;FALSE;FALSE;11;1;6;1;11;1;0;2;0;2;0;0;0;0;0;0;Amelia Luciano;;"Nakesa; Waisega (2); Arei (2); Korovata; Tisolo; Naisewa; Milinia; Neivosa; Cumu";Lopera
2023/10/13;Ireland;Kazakhstan;109;0;2023 WXV;;;;FALSE;FALSE;17;0;12;0;17;0;0;0;0;0;0;0;0;0;0;0;Doriane Domenjo;;"Haney; Deely; Higgins (4); Djougang; Parsons (4); Scuffil-McCabe; Moore; Dalton (2); Hogan; Delaney";
2023/10/14;United States;Samoa;36;26;2023 WXV;;;;FALSE;FALSE;6;4;3;3;6;4;0;0;0;0;0;0;0;0;0;0;Precious Pazani;;"Clapp; Hingano; Taufo'ou; Feury; Zackary; Johnson";"Fiafia; Wright-Akeli (2); Filimaua"
2023/10/14;Spain;Kenya;32;0;2023 WXV;;;;FALSE;FALSE;4;0;3;0;4;0;2;0;2;0;0;0;0;0;0;0;Maria Latos;;"Blanco Herrera; Calvo; C. Pérez; Gorrochategui";
2023/10/20;England;Australia;42;7;2023 WXV;;;;FALSE;FALSE;6;1;6;1;6;1;0;0;0;0;0;0;0;0;0;1;Lauren Jenner;;"Botterman; Wyrwas; M. Packer (2); Breach; Jones";Marsters
2023/10/20;United States;Scotland;14;24;2023 WXV;;;;FALSE;FALSE;2;4;2;2;2;4;0;0;0;0;0;0;0;0;0;0;Clara Munarini;;"Jacoby; Stathopoulos";"McGhie; Wassell; Lloyd; Rollie"
2023/10/20;Italy;South Africa;36;18;2023 WXV;;;;FALSE;FALSE;5;2;4;1;5;2;1;2;1;2;0;0;0;0;0;1;Aurélie Groizeleau;;"Ostuni Minuzzi; Muzzo; Ranuccini; Vecchini; D'Incà";"Latsha; Dolf"
2023/10/20;Kazakhstan;Kenya;18;12;2023 WXV;;;;FALSE;FALSE;3;2;0;1;0;2;1;0;1;0;0;0;0;0;0;0;Adele Robert;;"Kazibekova; Dadajanova; Bekker";"Wafula; Nyerere"
2023/10/20;Spain;Fiji;26;19;2023 WXV;;;;FALSE;FALSE;3;3;1;2;3;3;3;0;3;0;0;0;0;0;0;0;Ella Goldsmith;;Peña Hidalgo (3);"Milinia; Arei; Ralivanawa"
2023/10/21;Canada;Wales;42;22;2023 WXV;;;;FALSE;FALSE;6;3;6;2;6;3;0;1;0;1;0;0;0;0;0;0;Sara Cox;;"de Goede; Svoboda; Grant; Hunt; Boag; Lachance";"Phillips; G. Evans; Callender"
2023/10/21;New Zealand;France;17;18;2023 WXV;;;;FALSE;FALSE;2;2;2;1;2;2;1;2;1;2;0;0;0;0;1;0;Hollie Davidson;3000;"Mikaele-Tu'u; Vaha'akolo";"Boulard; Banet"
2023/10/21;Japan;Samoa;32;10;2023 WXV;;;;FALSE;FALSE;4;1;3;1;4;1;2;1;3;1;0;0;0;0;0;0;Holly Wood;;"I. Nagata; Korai; Hirotsu; Ando";Aiono
2023/10/21;Ireland;Colombia;64;3;2023 WXV;;;;FALSE;FALSE;10;0;7;0;10;0;0;1;0;1;0;0;0;0;0;0;Ano Kuwai;;"Jones (2); Behan; Moore; Deely; Hogan; McMahon; Parsons (2); Tarpey";
2023/10/27;England;Canada;45;12;2023 WXV;;;;FALSE;FALSE;7;2;5;1;7;2;0;0;0;0;0;0;0;0;0;0;Maggie Cogger-Orr;;"Kildunne; Atkin-Davies (4); Breach; MacDonald";"Tuttosi; Farries"
2023/10/27;Scotland;Japan;38;7;2023 WXV;;;;FALSE;FALSE;6;1;3;1;5;1;0;0;0;0;0;0;0;0;0;0;Kat Roche;;"Penalty try; Orr (2); Grant; Skeldon; Bonar";I. Nagata
2023/10/27;South Africa;Samoa;33;7;2023 WXV;;;;FALSE;FALSE;5;1;4;1;5;1;0;0;0;0;0;0;0;0;0;0;Clara Munarini;;"Janse van Rensburg (3); Jacobs; Dumke";Pauaraisa
2023/10/27;Kazakhstan;Fiji;0;118;2023 WXV;;;;FALSE;FALSE;0;18;0;14;0;18;0;0;0;0;0;0;0;0;0;0;Amelia Luciano;;;"Milinia (4); Ralivanawa (2); Tinanivalu; Cumu; Neivosa (3); Tisolo (2); Senikarivi; Nagasau; Kinita; Leweniqila; Korovata"
2023/10/27;Kenya;Colombia;21;5;2023 WXV;;;;FALSE;FALSE;3;1;0;0;0;0;1;0;1;0;1;0;0;0;0;0;Marie Latos;;"Auma (2); R. Otieno";Soto
2023/10/28;New Zealand;Wales;70;7;2023 WXV;;;;FALSE;FALSE;12;1;5;1;12;1;0;0;0;0;0;0;0;0;0;0;Amber McLachlan;4500;"Paul (3); Tui (4); du Plessis; Vaha'akolo; Demant; Jenkins (2)";Fleming
2023/10/28;France;Australia;20;29;2023 WXV;;;;FALSE;FALSE;3;4;1;3;3;4;1;1;1;1;0;0;0;0;0;0;Aimee Barrett-Theron;;"Boulard; Riffonneau; Vernier";"Karpani (3); Friedrichs"
2023/10/28;United States;Italy;8;30;2023 WXV;;;;FALSE;FALSE;1;5;0;1;0;5;1;1;1;1;0;0;0;0;0;0;Natarsha Ganley;;Brody;"Duca; Ostuni Minuzzi; Stefan; D'Incà; Giordano"
2023/10/28;Ireland;Spain;15;13;2023 WXV;;;;FALSE;FALSE;2;1;1;1;2;1;1;2;1;2;0;0;0;0;0;0;Doriane Domenjo;;"Moore; Jones";Peña Hidalgo
2023/11/03;Australia;Wales;25;19;2023 WXV;;;;FALSE;FALSE;4;3;1;1;4;2;1;0;1;0;0;0;0;0;1;0;Hollie Davidson;;"Stewart; Karpani; Cramer; Wong";"Phillips; Penalty try; K. Jones"
2023/11/04;France;Canada;20;29;2023 WXV;;;;FALSE;FALSE;2;4;2;3;2;4;2;1;2;1;0;0;0;0;0;0;Maggie Cogger-Orr;;"Bourdon Sansus; M. Ménager";"Tuttosi; Scurfield; Holtkamp; Bermudez"
2023/11/04;England;New Zealand;33;12;2023 WXV;;;;FALSE;FALSE;5;2;4;1;5;1;0;0;0;0;0;0;0;0;0;0;Aimee Barrett-Theron;10000;"Matthews; Atkin-Davies; Bern; Talling; Aldcroft";"Simon; Vaha'akolo"
2024/02/03;Netherlands;Sweden;59;0;2024 Rugby Europe Women's Championship;;;;FALSE;FALSE;11;0;2;0;7;0;0;0;0;0;0;0;;;;;Nino Eloshvili;800;"Van Nifterik; Jongerius (2); Veerkamp; Prins; Stallmann; Dix; Selbeck; Karst; Boot; Luijken";
2024/02/24;Portugal;Netherlands;7;31;2024 Rugby Europe Women's Championship;;;;FALSE;FALSE;1;5;1;3;1;5;0;0;0;0;0;0;;;;;Jenny Lee;500;Marques;"Boot; Stallmann; Beukers (2); Dix"
2024/03/09;Portugal;Sweden;27;0;2024 Rugby Europe Women's Championship;;;;FALSE;FALSE;4;0;2;0;4;0;1;0;1;0;0;0;;;;;Katie Ritchie;200;"Morant; Marques; Santos (2)";
2024/03/16;Netherlands;Colombia;33;11;2024 WXV;;;;FALSE;FALSE;5;1;4;0;5;0;0;2;0;2;0;0;;;;;Doriane Domenjo;;"Prins; Stallmann; Jongerius; Van Nifterik; Kievit";Mestra
2024/03/23;France;Ireland;38;17;2024 Women's Six Nations Championship;;;;FALSE;FALSE;5;2;5;2;5;2;1;1;1;1;0;0;0;0;0;0;Kat Roche;15559;"Sansus; M. Ménager; Fall Raclot; Sochat; Riffonneau";"Wafer; Dalton"
2024/03/23;Wales;Scotland;18;20;2024 Women's Six Nations Championship;;;;FALSE;FALSE;2;2;1;2;1;2;2;2;2;2;0;0;0;1;0;0;Clara Munarini;5965;"Tuipulotu; Callender";"Grant; Lloyd"
2024/03/24;Italy;England;0;48;2024 Women's Six Nations Championship;;;;FALSE;FALSE;0;8;0;4;0;8;0;0;0;0;0;0;1;1;0;1;Aurélie Groizeleau;3600;;"Botterman; Ward; Atkin-Davies; Kildunne (2); Rowland; Carson; Powell"
2024/03/30;Spain;Portugal;24;0;2024 Rugby Europe Women's Championship;;;;FALSE;FALSE;4;0;2;0;4;0;0;0;0;0;0;0;;;;;Jennifer Ann Davies;450;"Blanco Herrera; Peña Hidalgo; Del Castillo; Diaz";
2024/03/30;Scotland;France;5;15;2024 Women's Six Nations Championship;;;;FALSE;FALSE;1;2;0;1;0;2;0;1;0;1;0;0;0;0;0;0;Sara Cox;5000;Martin;"Arbey; Gros"
2024/03/30;England;Wales;46;10;2024 Women's Six Nations Championship;;;;FALSE;FALSE;8;1;3;1;8;1;0;1;0;1;0;0;0;0;0;0;Kat Roche;19705;"Muir; Aldcroft; Botterman; Atkin-Davies; Kildunne (2); Dow; Galligan";Bevan
2024/03/31;Ireland;Italy;21;27;2024 Women's Six Nations Championship;;;;FALSE;FALSE;3;4;2;2;2;4;0;1;0;1;0;0;0;1;0;0;Hollie Davidson;6605;"Penalty try; Jones; Corrigan";"Vecchini (2); Fedrighi; Muzzo"
2024/04/06;Netherlands;Spain;5;22;2024 Rugby Europe Women's Championship;;;;FALSE;FALSE;1;3;0;2;0;3;0;1;0;1;0;0;;;;;Melissa Leboeuf;600;Karst;"Pineiro; Piquero; Peña Hidalgo"
2024/04/13;Sweden;Spain;0;53;2024 Rugby Europe Women's Championship;;;;FALSE;FALSE;0;9;0;4;0;4;0;0;0;0;0;0;;;;;Doriane Domenjo;300;;"Piquero (4); Pérez; Cisa; Capell; Gorrochategui; Blanco"
2024/04/13;Scotland;England;0;46;2024 Women's Six Nations Championship;;;;FALSE;FALSE;0;8;0;3;0;8;0;0;0;0;0;0;0;1;0;1;Clara Munarini;7774;;"Cokayne; Dow; Kildunne (2); Kabeya; Breach (2); Packer"
2024/04/13;Ireland;Wales;36;5;2024 Women's Six Nations Championship;;;;FALSE;FALSE;5;1;4;0;5;0;1;0;1;0;0;0;0;0;0;0;Sara Cox;6139;"Wafer; Higgins; Jones; Corrigan; Parsons";Hopkins
2024/04/14;France;Italy;38;15;2024 Women's Six Nations Championship;;;;FALSE;FALSE;6;2;4;1;6;2;0;1;0;1;0;0;0;1;0;0;Joy Neville;13586;"Konde; Deshayes; Escudero; Llorens; Khalfaoui; Fall Raclot";D'Incà (2)
2024/04/20;England;Ireland;88;10;2024 Women's Six Nations Championship;;;;FALSE;FALSE;14;1;9;0;14;0;0;1;0;1;0;0;1;0;0;0;Aurélie Groizeleau;48778;"Dow (3); Hunt; Jones (2); Aldcroft; Kildunne (3); Breach (2); Kabeya; Feaunati";Penalty try
2024/04/20;Italy;Scotland;10;17;2024 Women's Six Nations Championship;;;;FALSE;FALSE;1;3;1;1;1;3;1;0;1;0;0;0;0;0;0;1;Maggie Cogger-Orr;3000;D'Incà;"Skeldon; Orr; Rollie"
2024/04/21;Wales;France;0;40;2024 Women's Six Nations Championship;;;;FALSE;FALSE;0;6;0;5;0;6;0;0;0;0;0;0;0;3;0;0;Hollie Davidson;5786;;"Deshayes; Grisez (2); R. Ménager; Vernier; M. Feleu"
2024/04/27;Wales;Italy;22;20;2024 Women's Six Nations Championship;;;;FALSE;FALSE;3;3;2;1;3;3;1;1;1;1;0;0;0;1;0;0;Aimee Barrett-Theron;10592;"Phillips; Pyrs; Tuipulotu";"Minuzzi; Granzotto; Stevanin"
2024/04/27;Ireland;Scotland;15;12;2024 Women's Six Nations Championship;;;;FALSE;FALSE;2;2;1;1;2;2;1;0;1;0;0;0;1;0;0;0;Natarsha Ganley;7468;"Corrigan; Moloney";"Martin; Thomson"
2024/04/27;France;England;21;42;2024 Women's Six Nations Championship;;;;FALSE;FALSE;3;6;3;6;3;6;0;0;0;0;0;0;0;0;1;0;Maggie Cogger-Orr;28023;"Vernier; M. Ménager (2)";"Muir; Matthews (2); Jones; M. Packer; Cokayne"
2024/04/28;United States;Canada;7;50;2024 Pacific Four Series;;;;FALSE;FALSE;1;8;1;5;1;7;0;0;0;0;0;0;1;1;0;0;Tyler Miller;;Perris-Redding;"Gallagher (2); Beukeboom; Royer; Grant; de Goede (2); Omokhuale"
2024/05/04;South Africa;Cameroon;55;0;2024 Rugby Africa Women's Cup;;;;FALSE;FALSE;9;0;5;0;9;0;0;0;0;0;0;0;;;;;Julie Randriarimanana;;"Gwala (2); Lochner; Ubisi; Tchogna-Njamen; Samboya (3); Ngwevu";
2024/05/04;Kenya;Madagascar;22;29;2024 Rugby Africa Women's Cup;;;;FALSE;FALSE;;;;;;;;;;;;;;;;;Bineta Sene;;;
2024/05/08;South Africa;Kenya;63;5;2024 Rugby Africa Women's Cup;;;;FALSE;FALSE;;;;;;;;;;;;;;;;;Adèle Robert;;;
2024/05/08;Madagascar;Cameroon;12;5;2024 Rugby Africa Women's Cup;;;;FALSE;FALSE;;;;;;;;;;;;;;;;;Mélissa Leboeuf;;;
2024/05/11;New Zealand;United States;57;5;2024 Pacific Four Series;;;;FALSE;FALSE;9;1;6;0;9;0;0;0;0;0;0;0;0;0;0;0;Julianne Zussman;4000;"du Plessis; Paul (3); Vaha'akolo; Vaipulu; Tui; Sae; Maliepo";Taufo'ou
2024/05/11;Australia;Canada;14;33;2024 Pacific Four Series;;;;FALSE;FALSE;2;5;1;4;1;5;0;0;0;0;0;0;0;1;0;0;Natarsha Ganley;;"Naden; Penalty try";"Cline (2); Hunt (2); Menin"
2024/05/12;Cameroon;Kenya;17;39;2024 Rugby Africa Women's Cup;;;;FALSE;FALSE;;;;;;;;;;;;;;;;;Julie Randriarimanana;;;
2024/05/12;Madagascar;South Africa;17;46;2024 Rugby Africa Women's Cup;;;;FALSE;FALSE;3;8;1;3;3;8;0;0;0;0;0;0;;;;;Mélissa Leboeuf;;"Felana Rakotoarison; Voahirana Razafiarisoa; Laurence Rasoanandrasana";"Grain; Dumke (2); Mdletshe (2); Cilliers (2); Ntoyanto"
2024/05/17;Australia;United States;25;32;2024 Pacific Four Series;;;;FALSE;FALSE;4;5;1;2;4;4;1;1;1;2;0;0;0;0;0;0;Maggie Cogger-Orr;;"Miller; Marsters; Stewart; Friedrichs";"Treder; Rogers (2); Clapp; Hingano"
2024/05/19;New Zealand;Canada;19;22;2024 Pacific Four Series;;;;FALSE;FALSE;3;3;2;2;3;3;0;1;0;1;0;0;2;1;0;0;Aurélie Groizeleau;6000;"Vaha'akolo (2); Maliepo";"Bermudez (2); Hunt"
2024/05/22;Hong Kong;Japan;12;29;2024 Asia Rugby Women's Championship;;;;FALSE;FALSE;2;4;1;3;2;4;0;1;0;1;0;0;;;;;Christabelle Lim;;"Forrest; Chong";"Kagawa; I. Nagata; N. Nagata; Hatada"
2024/05/24;Fiji;Tonga;48;3;2024 Oceania Rugby Women's Championship;;;;FALSE;FALSE;8;0;4;0;4;0;0;1;0;1;0;0;;;;;Jessica Ling;;"Sulita Waisega (2); Vika Matarugu; Vani Arei (2); Adita Milinia; Atelaite Ralivanawa; Litia Marama";
2024/05/25;New Zealand;Australia;67;19;2024 Pacific Four Series;;;;FALSE;FALSE;11;3;6;2;11;3;0;0;0;0;0;0;0;0;0;0;Aimee Barrett-Theron;7300;"Olsen-Baker; Brunt; Paul (3); Mikaele-Tu'u; Ponsonby; Vaha'akolo; Viliko; Simon (2)";"Stewart; McKenzie (2)"
2024/05/27;Japan;Kazakhstan;64;0;2024 Asia Rugby Women's Championship;;;;FALSE;FALSE;10;0;7;0;10;0;0;0;0;0;0;0;;;;;Sunny Lee;;"Kato; Hirotsu; Nagai; Nagata; Sato; Yoshimura; Mine; Abe; Machida; Otsuka";
2024/05/29;Fiji;Papua New Guinea;85;6;2024 Oceania Rugby Women's Championship;;;;FALSE;FALSE;13;0;10;0;10;0;0;2;0;2;0;0;;;;;Jessica Ling;;"Merewai Cumu; Karalaini Naisewa (2); Atelaite Ralivanawa (4); Fulori Nabura; Asinate Serevi; Merewairita Neivosa; Repeka Adi Tove; Adita Milinia; Sulita Waisega";
2024/05/29;Samoa;Tonga;29;7;2024 Oceania Rugby Women's Championship;;;;FALSE;FALSE;4;1;3;1;3;1;1;0;1;0;0;0;;;;;Lavenia Racaca;;"Sui Pauaraisa (2); Lutia Col Aumua; France Bloomfield";Vineta Teutau
2024/06/02;Tonga;Papua New Guinea;39;5;2024 Oceania Rugby Women's Championship;;;;FALSE;FALSE;7;1;2;0;2;0;0;0;0;0;0;0;;;;;Lavenia Racaca;;"Iunaise Fakahua; Tonga Tuiaki (3); Loketi Serenity Mahoni; Ayla Cook; Margaret Manase";Doreen Kaputin
2024/06/02;Samoa;Fiji;13;27;2024 Oceania Rugby Women's Championship;;;;FALSE;FALSE;2;3;0;3;0;3;1;2;1;2;0;0;;;;;Jessica Ling;;"Linda Fiafia; Tyra Boysen Auimatagi";"Doreen Narokete; Jennifer Ravutia; Evivi Senikarivi"
2024/06/29;Wales;Spain;52;20;2024 WXV;;;;FALSE;FALSE;8;3;6;1;6;1;0;1;0;1;0;0;;;;;Aurélie Groizeleau;2436;"Lewis; Fleming; Joyce-Butchers; Cox (3); Evans; Hesketh";"Antolínez; Peña; Pérez"
2024/06/29;Colombia;Brazil;13;34;2025 Women's Rugby World Cup qualifying;;;;FALSE;FALSE;2;6;0;2;0;2;1;0;1;0;0;0;;;;;Federico Solari;;"Juliana Soto; Laura Gutierrez";"Íris Coluna; Isadora Lopes; Eshyllen Coimbra; Aline Mayumi; Yasmim Soares; Mariana Nicolau"
2024/09/22;Romania;Bulgaria;66;12;2024–25 Rugby Europe Women's Conference;;;;FALSE;FALSE;12;2;3;1;3;1;0;0;0;0;0;0;;;;;Laura Wunsch;;"Raluca Ștefania Săvădan (3); Simona Roșca; Renata Gabriela Prisecaru (2); Carina-Elena Dascălu (3); Ana-Maria Hîrtan; Olivia-Rose Gontineac; Bianca Alexandra Pr";"Veronika Tasleva; Zhivka Ivanova"
2024/09/27;South Africa;Japan;31;24;2024 WXV;;;;FALSE;FALSE;5;4;3;2;5;4;0;0;0;0;0;0;;;;;Maria Latos;;"Hele; Qawe; Charlie; Malinga; Ubisi";"Taniguchi; Otsuka; Saito (2)"
2024/09/27;Spain;Madagascar;83;0;2024 WXV;;;;FALSE;FALSE;13;0;9;0;13;0;0;0;0;0;0;0;;;;;Mélissa Leboeuf;;"Piquero (3); Cisa (2); Blanco; Pérez; Argudo; Castellucci; Peña; Fernández de Corres; Román Mallén; Calvo";
2024/09/28;Australia;Wales;37;5;2024 WXV;;;;FALSE;FALSE;6;1;2;0;4;0;1;0;1;0;0;0;;;;;Clara Munarini;;"Morgan; Karpani; Stewart (2); Moleka; Cramer";Phillips
2024/09/28;Italy;Scotland;0;19;2024 WXV;;;;FALSE;FALSE;0;3;0;2;0;3;0;0;0;0;0;0;;;;;Amelia Luciano;;;"Rollie; Skeldon; Grant"
2024/09/28;Netherlands;Samoa;8;8;2024 WXV;;;;FALSE;FALSE;1;1;0;0;0;0;1;1;1;1;0;0;;;;;Natarsha Ganley;;Gevers;Sio
2024/09/29;United States;England;21;61;2024 WXV;;;;FALSE;FALSE;3;9;3;8;3;9;0;0;0;0;0;0;;;;;Aurélie Groizeleau;;"Kelter (2); Zackary";"Atkin-Davies; Kildunne (2); Brock; Matthews; Westcombe-Evans; Talling; Breach; Wyrwas"
2024/09/29;Canada;France;46;24;2024 WXV;;;;FALSE;FALSE;7;4;4;2;7;4;1;0;1;0;0;0;;;;;Maggie Cogger-Orr;4500;"Farries; Bermudez (2); Royer (2); Tuttosi; Hogan-Rochester";"Llorens; M. Ménager; Bourdon Sansus; Konde"
2024/09/29;New Zealand;Ireland;27;29;2024 WXV;;;;FALSE;FALSE;3;5;3;2;3;5;2;0;2;0;0;0;;;;;Sara Cox;;"Lolohea; Vaha'akolo; Paul";"Wafer (2); Jones; King (2)"
2024/10/04;Wales;Italy;5;8;2024 WXV;;;;FALSE;FALSE;1;1;0;0;0;0;0;1;0;1;0;0;;;;;Ella Goldsmith;;Bluck;Giordano
2024/10/05;United States;France;14;22;2024 WXV;;;;FALSE;FALSE;2;3;2;2;2;3;0;1;0;1;0;0;;;;;Julianne Zussman;;"Johnson; Taufo'ou";"M. Ménager; R. Ménager; Teani Feleu"
2024/10/05;Canada;Ireland;21;8;2024 WXV;;;;FALSE;FALSE;3;1;2;0;2;0;0;1;0;1;0;0;;;;;Aimee Barrett-Theron;;"Penalty try; Gallagher; Omokhuale";Considine
2024/10/05;Japan;Scotland;13;19;2024 WXV;;;;FALSE;FALSE;2;3;0;2;0;3;1;0;1;0;0;0;;;;;Zoe Naude;;"Saito; I. Nagata";"McGhie; Stewart; Lloyd"
2024/10/05;South Africa;Australia;26;33;2024 WXV;;;;FALSE;FALSE;4;5;3;4;4;5;0;0;0;0;0;0;;;;;Precious Pazani;;"Tose; Mcatshulwa; Mpupha; Günter";"Palu; Friedrichs; Karpani; Miller; Stewart"
2024/10/05;Fiji;Samoa;17;45;2024 WXV;;;;FALSE;FALSE;3;6;1;3;3;6;0;3;0;4;0;0;;;;;Holly Wood;;"Naisewa; Tisolo (2)";"Fiafia; Mamea; Wright-Akeli; Bloomfield (2); Savelio"
2024/10/05;Netherlands;Spain;0;20;2024 WXV;;;;FALSE;FALSE;0;3;0;1;0;3;0;1;0;1;0;0;;;;;Jess Ling;;;"Blanco; Alameda; Castellucci"
2024/10/05;Latvia;Norway;50;0;2024–25 Rugby Europe Women's Conference;;;;FALSE;FALSE;8;0;5;0;5;0;0;0;0;0;0;0;;;;;Vadims Galajevs;;"Hanna Evelīna Neilande; Marta Pukite (2); Balba Silicka; Patrīcija Paula Mūrniece (2); Liene Dumpe; Zane Sirsniņa";
2024/10/06;New Zealand;England;31;49;2024 WXV;;;;FALSE;FALSE;5;9;3;2;5;7;0;0;0;0;0;0;;;;;Aurélie Groizeleau;1500;"Olsen-Baker; Leti-I'iga; Ponsonby; Roos; Vaipulu";"Dow (2); Breach (3); Kildunne (2); Hunt; Harrison"
2024/10/11;United States;Ireland;14;26;2024 WXV;;;;FALSE;FALSE;2;4;2;2;2;3;0;0;0;0;0;0;;;;;Maggie Cogger-Orr;;Rogers (2);"King; Penalty try; Moloney; Murphy Crowe"
2024/10/11;Wales;Japan;19;10;2024 WXV;;;;FALSE;FALSE;3;2;2;0;3;0;0;0;0;0;0;0;;;;;;;"Metcalfe; Bevan; Joyce";"Matsumura; Otsuka"
2024/10/11;Samoa;Madagascar;46;15;2024 WXV;;;;FALSE;FALSE;7;2;4;1;7;2;1;1;1;1;0;0;;;;;;;"Siataga; Vatau; Fanene Lolo (2); Aiolupotea; Niupulusu; Wright-Akeli";"Rasoarimalala; Razanamahefa"
2024/10/12;New Zealand;France;39;14;2024 WXV;;;;FALSE;FALSE;7;2;2;2;7;2;0;0;0;0;0;0;;;;;Sara Cox;;"Leti-I'iga; Vaha'akolo (3); A. Bremner; Olsen-Baker; Kalounivale";"Gros; M. Feleu"
2024/10/12;Canada;England;12;21;2024 WXV;;;;FALSE;FALSE;2;3;1;3;2;3;0;0;0;0;0;0;;;;;Aimee Barrett-Theron;3000;"Pelletier; Tessier";"Muir; Bern; Aldcroft"
2024/10/12;South Africa;Italy;19;23;2024 WXV;;;;FALSE;FALSE;3;3;2;1;2;3;0;2;0;2;0;0;;;;;;;"Latsha; Hele; Malinga";"Turani (2); Sillari"
2024/10/12;Australia;Scotland;31;22;2024 WXV;;;;FALSE;FALSE;4;4;4;1;4;4;1;0;1;0;0;0;;;;;;;"Miller; Stewart; Smith; Marsters";"Young; Bartlett; Rollie; McGhie"
2024/10/12;Fiji;Spain;8;10;2024 WXV;;;;FALSE;FALSE;1;1;0;1;0;1;1;1;1;1;0;0;;;;;;;Milinia;Capell
2024/10/19;Finland;Germany;10;44;2024–25 Rugby Europe Women's Trophy;;;;FALSE;FALSE;2;8;0;2;0;8;0;0;0;0;0;0;;;;;Loredena Juncanariu;100;"Oona Tolppanen; Emmi Ovaskainen";"Mette Zimmat (4); Sophie Hacker; Johanna Hacker; Steffi Gruber; Charlotte Malaizier"
2024/11/16;Bulgaria;Croatia;10;17;2024–25 Rugby Europe Women's Conference;;;;FALSE;FALSE;2;3;0;1;0;1;0;0;0;0;0;0;;;;;Viktoria Magyar;200;"Miglena Vasileva; Asya Donova";"Lara Josipović; Ela Avramovic (2)"
2025/03/08;Germany;Belgium;19;23;2024–25 Rugby Europe Women's Trophy;;;;FALSE;FALSE;3;2;2;2;3;2;0;3;0;3;0;0;;;;;Mariam Goguadze;876;"Steffi Gruber; Johanna Hacker (2)";Jeanne Marquegnies (2)
2025/03/22;Ireland;France;15;27;2025 Women's Six Nations Championship;;;;FALSE;FALSE;3;3;0;3;0;3;0;2;0;2;0;0;0;0;0;1;Hollie Davidson;6976;"Wafer (2); Jones";"Vernier; Menager; Boulard"
2025/03/22;Scotland;Wales;24;21;2025 Women's Six Nations Championship;;;;FALSE;FALSE;3;3;3;3;3;3;1;0;1;0;0;0;0;1;1;1;Kat Roche;4234;"Bonar; Orr; Bartlett";"Phillips; Fleming; G. Pyrs"
2025/03/23;England;Italy;38;5;2025 Women's Six Nations Championship;;;;FALSE;FALSE;6;1;3;0;5;0;0;0;0;0;0;0;0;1;0;0;Precious Pazani;8381;"Venner; Scarratt; Penalty try; MacDonald; Cokayne; Sing";Sgorbini
2025/03/29;Portugal;Spain;7;19;2025 Rugby Europe Women's Championship;;;;FALSE;FALSE;1;3;1;2;1;3;0;0;0;0;0;0;;;;;Amber Stamp-Dunstan;400;Elsa Santos;"Clàudia Peña Hidalgo (2); Alba Vinuesa García"
2025/03/29;France;Scotland;38;15;2025 Women's Six Nations Championship;;;;FALSE;FALSE;4;2;3;1;4;2;3;1;3;1;1;0;0;0;0;0;Lauren Jenner;15000;"Arbez; T. Feleu; Okemba; Bourgeois";"Orr; Martin"
2025/03/29;Wales;England;12;67;2025 Women's Six Nations Championship;;;;FALSE;FALSE;2;11;1;6;2;11;0;0;0;0;0;0;0;0;0;0;Clara Munarini;21186;"Scoble; Williams";"Feaunati (2); M. Jones; Bern; Kildunne (3); Dow (2); Burton (2)"
2025/03/30;Italy;Ireland;12;54;2025 Women's Six Nations Championship;;;;FALSE;FALSE;2;8;1;7;2;8;0;0;0;0;0;0;1;1;0;0;Ella Goldsmith;3337;"Stefan; Rigoni";"Dalton; McGann (3); Costigan; Djougang; Wall; Hogan"
2025/04/05;Belgium;Finland;44;13;2024–25 Rugby Europe Women's Trophy;;;;FALSE;FALSE;7;1;3;1;7;1;1;2;1;2;0;0;;;;;Beatrice Smussi;;"Charlotte Timperman; Chanel Germiat (3); Tiphaine Deglasse; Cristina Pecoraro; Amélie Delacourt";Hanna Visuri
2025/04/05;Spain;Sweden;69;0;2025 Rugby Europe Women's Championship;;;;FALSE;FALSE;11;0;7;0;7;0;0;0;0;0;0;0;;;;;Maria Heitor;1500;"Lea Ducher (2); Claudia Cano; Cristina Blanco; Anna Puig; Valentina Pérez (2); Eider García; Gemma Silva; Clara Piquero; Zahía Pérez";
2025/04/06;Netherlands;Portugal;40;5;2025 Rugby Europe Women's Championship;;;;FALSE;FALSE;6;1;5;0;5;0;0;0;0;0;0;0;;;;;Jenny Lee;800;"Kika Mulling (2); Esmee Ligtvoet; Isa Prins; Gwen van der Schoot; Gaya van Nifterik";Daniela Correia
2025/04/11;Uganda;Tunisia;27;10;2025 Rugby Africa Women's Cup Division 1;;;;FALSE;FALSE;5;2;1;0;1;0;0;0;0;0;0;0;;;;;Bineta Sene;;"Peace Lekuru (3); Lydia Namabiro; Angella Nanyonjo";"Zaineb Dabki; Yasmine Korbi"
2025/04/11;Zimbabwe;Ivory Coast;46;8;2025 Rugby Africa Women's Cup Division 1;;;;FALSE;FALSE;7;1;4;0;4;0;1;1;1;1;0;0;;;;;Mercy Dudi;;"Pauline Sianga; Rufaro Tagarira (2); Chiwoniso Emelda Mabika; Ruvimbo Mudyanadzo (2); Nokuthaba Mzizi";Mariam Zon
2025/04/12;Sweden;Portugal;3;38;2025 Rugby Europe Women's Championship;;;;FALSE;FALSE;0;6;0;4;0;4;1;0;1;0;0;0;;;;;Cara Senneka;200;;"Francisca Mendes; Beatriz Rodrigues; Mariana Santos; Raquel Andrade Santos; Daniela Correia; Ana Fernandes"
2025/04/12;France;Wales;42;12;2025 Women's Six Nations Championship;;;;FALSE;FALSE;6;2;5;1;5;2;0;0;0;0;0;0;0;1;0;0;Holly Wood;12738;"Boulard (2); Bigot; M. Feleu; Penalty try; Champon";"Williams; Crabb"
2025/04/12;Ireland;England;5;49;2025 Women's Six Nations Championship;;;;FALSE;FALSE;1;7;0;7;0;7;0;0;0;0;0;0;1;0;0;0;Aurélie Groizeleau;7754;Costigan;"Talling; Harrison; M. Jones; Bern (2); Kildunne; Clifford"
2025/04/13;Spain;Netherlands;27;17;2025 Rugby Europe Women's Championship;;;;FALSE;FALSE;3;3;3;1;3;1;2;0;2;0;0;0;;;;;Doriane Domenjo;500;"Nerea García; Marieta Román; Lourdes Alameda";"Inger Jongerius; Kika Mulling; Linde van der Velden"
2025/04/13;Scotland;Italy;17;25;2025 Women's Six Nations Championship;;;;FALSE;FALSE;3;5;1;0;3;0;0;0;0;0;0;0;1;0;0;0;Aimee Barrett-Theron;5029;"Rollie; Gallagher; McGhie";"Sgorbini; Muzzo (2); Minuzzi; D'Inca"
2025/04/15;Zimbabwe;Tunisia;24;27;2025 Rugby Africa Women's Cup Division 1;;;;FALSE;FALSE;4;5;2;1;2;1;0;0;0;0;0;0;;;;;Victor Ojuku;;"Ruvimbo Mudyanadzo (2); Rufaro Tagarira; Nokutenda Shoriwa";"Lamia Mlawah; Sameh Lahouel; Falfoul Sandaise; Ben Charrada Halima; Habiba Lafi"
2025/04/15;Uganda;Ivory Coast;52;0;2025 Rugby Africa Women's Cup Division 1;;;;FALSE;FALSE;10;0;1;0;1;0;0;0;0;0;0;0;;;;;Youness Marfoq;;"Grace Auma (2); Peace Lekuru (3); Bushira Namutebi; Lydia Namabiro; Sarah Nakafeero; Comfort Anganyika; Christine Kokoi";
2025/04/19;Sweden;Netherlands;3;90;2025 Rugby Europe Women's Championship;;;;FALSE;FALSE;0;14;0;10;0;10;1;0;1;0;0;0;;;;;Adèle Robert;300;;"Anouk Veerkamp (2); Berte Anniek Nauta (2); Linneke Gevers; Isa Prins; Pleuni Kievit (2); Mariet Luijken; Jara Bunnik; Inger Jongerius; Kyra Elzinga; Isis Touw;"
2025/04/19;Italy;France;21;34;2025 Women's Six Nations Championship;;;;FALSE;FALSE;3;5;3;3;3;5;0;1;0;1;0;0;0;1;0;0;Sara Cox;1916;"Vecchini; Muzzo; Turani";"Grisez; Bourgeois; R. Ménager; M. Ménager; Chambon"
2025/04/19;England;Scotland;59;7;2025 Women's Six Nations Championship;;;;FALSE;FALSE;9;1;7;1;9;1;0;0;0;0;0;0;0;1;0;0;Clara Munarini;15530;"Clifford; Packer; Aldcroft; MacDonald (2); Ward; Atkin-Davies; Dow (2)";Thomson
2025/04/19;Tunisia;Ivory Coast;34;0;2025 Rugby Africa Women's Cup Division 1;;;;FALSE;FALSE;;;;;;;;;;;;;;;;;Mercy Dudi;;;
2025/04/19;Zimbabwe;Uganda;7;63;2025 Rugby Africa Women's Cup Division 1;;;;FALSE;FALSE;1;10;1;5;1;5;0;1;0;1;0;0;;;;;Bineta Sene;;Chiwoniso Emelda Mabika;"Lydia Namabiro (4); Peace Lekuru (3); Agnes Nakuya; Grace Auma; Yvonne Najjuma"
2025/04/20;Wales;Ireland;14;40;2025 Women's Six Nations Championship;;;;FALSE;FALSE;2;6;2;5;2;6;0;0;0;0;0;0;0;1;0;0;Lauren Jenner;3568;"Cox; Bluck";"Djougang (2); Wafer (2); Wall (2)"
2025/04/26;Scotland;Ireland;26;19;2025 Women's Six Nations Championship;;;;FALSE;FALSE;4;3;3;2;4;3;0;0;0;0;0;0;2;0;0;0;Natarsha Ganley;6375;"Skeldon; Orr; McLachlan; McGhie";"Costigan; Djougang; Lane"
2025/04/26;England;France;43;42;2025 Women's Six Nations Championship;;;;FALSE;FALSE;7;6;4;6;7;6;0;0;0;0;0;0;0;1;0;0;Maggie Cogger-Orr;37573;"Dow (2); Sing (2); Atkin-Davies; MacDonald; Aldcroft";"Arbez; Sansus; Ménager; Arbey; Bourgeois; Grisez"
2025/04/27;Italy;Wales;44;12;2025 Women's Six Nations Championship;;;;FALSE;FALSE;6;2;4;1;6;2;2;0;2;0;0;0;0;1;0;0;Sara Cox;1899;"Stefan; Granzotto (2); Turani; Minuzzi; Muzzo";"Williams; Pyrs"
2025/05/02;United States;Canada;14;26;2025 Pacific Four Series;;;;FALSE;FALSE;2;4;2;3;2;4;0;0;0;0;0;0;;;;;Lauren Jenner;10518;"Zackary; Kelter";"Pelletier; Royer; Holtkamp; Lachance"
2025/05/10;Norway;Latvia;0;27;2024–25 Rugby Europe Women's Conference;;;;FALSE;FALSE;0;5;0;1;0;5;0;0;0;0;0;0;;;;;Marit Bras;100;;"Hanna Evelīna Neilande (2); Una Kraupsa; Ilze Lazdane; Marta Pukite"
2025/05/10;Australia;New Zealand;12;38;2025 Pacific Four Series;;;;FALSE;FALSE;2;6;1;4;2;6;0;0;0;0;0;0;;;;;Clara Munarini;;"Karpani; Marsters";"Leti-I'iga (2); Sorensen-McGee (2); Viliko; Brunt"
2025/05/15;Japan;Kazakhstan;90;0;2025 Asia Rugby Women's Championship;;;;FALSE;FALSE;14;0;10;0;14;0;0;0;0;0;0;0;;;;;Sunny Lee;;"Kanako Kobayashi; Mele Yua Havili Kagawa; Mio Nishimura (2); Sakurako Korai (3); Hinata Komaki; Ayumu Kokaji; Saya Nakamura; Miho Matsunaga (2); Nao Ando; Koton";
2025/05/17;New Zealand;Canada;27;27;2025 Pacific Four Series;;;;FALSE;FALSE;4;5;2;1;4;5;1;0;1;0;0;0;;;;;Kat Roche;;"Sorensen-McGee; Leti-I'iga (2); Brunt";"Menin; Hogan-Rochester; Apps; Corrigan; Seumanutafa"
2025/05/17;Australia;United States;27;19;2025 Pacific Four Series;;;;FALSE;FALSE;4;3;2;2;4;3;1;0;1;0;0;0;;;;;Aimee Barrett-Theron;;"Caslick; Marsters (2); Karpani";Rogers (3)
2025/05/23;Australia;Canada;7;45;2025 Pacific Four Series;;;;FALSE;FALSE;1;7;1;5;1;7;0;0;0;0;0;0;;;;;Maggie Cogger-Orr;;Miller;"Hunt; Paquin; Schell; Royer; Scurfield; Tessier; Forteza"
2025/05/24;New Zealand;United States;79;14;2025 Pacific Four Series;;;;FALSE;FALSE;13;2;7;2;13;2;0;0;0;0;0;0;;;;;Sara Cox;;"Vaha'akolo (4); Woodman-Wickliffe (7); Demant; Waaka";"Tafuna; Rogers"
2025/06/06;Fiji;Tonga;59;5;2025 Oceania Rugby Women's Championship;;;;FALSE;FALSE;11;1;2;0;2;0;0;0;0;0;0;0;;;;;Hibiki Ikeda;;"Mereoni Nakesa; Litiana Vueti; Loraini Senivutu; Setaita Railumu; Josifini Neihamu (3); Ema Adivitaloga; Wainikiti Vasuturaga; Manuqalo Komaitai; Salanieta Nabu";Viviena Heleni Hingano
2025/06/07;South Africa;Uganda;62;7;2025 Rugby Africa Women's Cup;;;;FALSE;FALSE;10;1;6;1;6;1;0;0;0;0;0;0;;;;;Bineta Sene;;"Anushka Groenewald; Simamkele Namba; Faith Tshauke (2); Byrhandrè Dolf; Lerato Makua; Patience Mokone (2); Aphiwe Ngwevu; Sinothile Bhengu";Grace Nabaggala
2025/06/07;Kenya;Madagascar;28;5;2025 Rugby Africa Women's Cup;;;;FALSE;FALSE;4;1;1;0;1;0;1;0;1;0;1;0;;;;;Ronald Wutimber;;"Phoebe Akinyi Otieno; Stella Wafula; Moreen Muritu; Sinaida Nyachio";Olivia Hanitriniaina
2025/06/10;Samoa;Tonga;64;14;2025 Oceania Rugby Women's Championship;;;;FALSE;FALSE;10;2;6;2;6;2;0;0;0;0;0;0;;;;;Meresiana Savenaca;;"Taytana Pati Ah-Cheung (2); Davina Lasini (3); Easter Savelio; Saelua Leaula; Lutia Col Aumua; Penalty Try; Drenna Falaniko";"Viviena Heleni Hingano; Eseta Vuki"
2025/06/11;South Africa;Kenya;19;12;2025 Rugby Africa Women's Cup;;;;FALSE;FALSE;3;2;2;1;2;1;0;0;0;0;0;0;;;;;Julie Randriarimanana;;"Aphiwe Ngwevu; Lerato Makua; Nobuhle Mjwara";"Freshia Oduor; Nollin Khaleyi"
2025/06/11;Madagascar;Uganda;20;24;2025 Rugby Africa Women's Cup;;;;FALSE;FALSE;3;4;1;2;1;2;1;0;1;0;0;0;;;;;Bineta Sene;;"Zaya Fanantenana; Veronique Rasoanekena; Laurence Rasoanandrasana";"Bushira Namutebi; Angella Nanyonjo; Agnes Nakuya; Grace Nabaggala"
2025/06/14;Fiji;Samoa;24;20;2025 Oceania Rugby Women's Championship;;;;FALSE;FALSE;4;4;2;0;2;0;0;0;0;0;0;0;;;;;Hibiki Ikeda;;"Bitila Tawake; Josifini Neihamu; Repeka Tove (2)";"Drenna Falaniko (2); Linda Fiafia (2)"
2025/06/14;Brazil;Colombia;58;7;2025 Women's Rugby World Cup warm-up matches;;;;FALSE;FALSE;10;1;4;1;10;1;0;0;0;0;0;0;;;;;Federico Longobard;;"Barth (2); Tenorio; Lopes de Souza (2); Martins; Coimbra; Ísis Carvalho; Lima; Saccomanno";Barajas
2025/06/15;Kenya;Uganda;47;0;2025 Rugby Africa Women's Cup;;;;FALSE;FALSE;9;0;0;0;0;0;0;0;0;0;0;0;;;;;Stephane Rakotonirainy;;"Natasha Emali; Sheilla Chajira; Faith Livoi; Nollin Khaleyi; Penalty Try; Naomi Amuguni; Stella Wafula (2); Edith Nariaka";
2025/06/15;South Africa;Madagascar;61;17;2025 Rugby Africa Women's Cup;;;;FALSE;FALSE;9;3;8;1;8;1;0;0;0;0;0;0;;;;;Ronald Wutimber;;"Faith Tshauke; Patience Mokone (2); Byrhandrè Dolf (2); Aphiwe Ngwevu (2); Unam Tose; Nomawethu Mabenge";"Veronique Rasoanekena; Valisoa Razanakiniana; Tiana Razanamahefa"
2025/07/05;South Africa;Canada;20;50;2025 Women's Rugby World Cup warm-up matches;;;;FALSE;FALSE;3;8;1;5;3;8;1;0;1;0;0;0;;;;;Clara Munarini;;"Cilliers; Dolf; Solontsi";"Menin; Bermudez; Symonds (2); Royer; Corrigan (2); Crossley"
2025/07/12;New Zealand;Australia;37;12;2025 Laurie O'Reilly Cup;;;;FALSE;FALSE;7;2;1;1;5;1;0;0;0;0;0;0;;;;;Kat Roche;;"Portia Woodman-Wickliffe (3); Ruahei Demant; Jorja Miller; Sylvia Brunt; Ruby Tui";"Charlotte Caslick; Lydia Kavoa"
2025/07/12;South Africa;Canada;5;33;2025 Women's Rugby World Cup warm-up matches;;;;FALSE;FALSE;1;5;0;4;0;5;0;0;0;0;0;0;;;;;Precious Pazani;;Malinga;"Kassil; Boag; Norsten; Beukeboom; Scurfield"
2025/07/12;Brazil;Netherlands;5;33;2025 Women's Rugby World Cup warm-up matches;;;;FALSE;FALSE;;;;;;;;;;;;;;;;;Emma Gallagher;;;
2025/07/19;Japan;Spain;32;19;2025 Women's Rugby World Cup warm-up matches;;;;FALSE;FALSE;5;3;2;2;3;3;1;0;1;0;0;0;;;;;Lauren Jenner;;"Komaki (2); Taniguchi (3)";"Castelo; Argudo; Pérez"
2025/07/19;Brazil;Netherlands;22;0;2025 Women's Rugby World Cup warm-up matches;;;;FALSE;FALSE;4;0;1;0;4;0;0;0;0;0;0;0;;;;;Kristine Lovatt;;"Henwood Lima; Vergara; Moreira (2)";
2025/07/19;United States;Fiji;31;24;2025 Women's Rugby World Cup warm-up matches;;;;FALSE;FALSE;5;3;3;3;5;3;0;1;0;1;0;0;;;;;Sara Cox;;"Rogers; Jarrell-Searcy; Coulibaly; Johnson; Henrich";"Nakesa; Fisher; Neihamu"
2025/07/25;Italy;Scotland;34;29;2025 Women's Rugby World Cup warm-up matches;;;;FALSE;FALSE;6;5;2;2;5;5;0;0;0;0;0;0;;;;;Aurélie Groizeleau;;"D'Inca (3); Fedrighi; Muzzo; Rigoni";"Skeldon; Nelson; Gallagher (2); Martin"
2025/07/26;Australia;Wales;12;21;2025 Women's Rugby World Cup warm-up matches;;;;FALSE;FALSE;2;3;1;3;2;3;0;0;0;0;0;0;;;;;Maggie Cogger-Orr;;"Codey; Tuinakauvadra";"Metcalfe (2); Dallavalle"
2025/07/26;Japan;Spain;30;19;2025 Women's Rugby World Cup warm-up matches;;;;FALSE;FALSE;5;3;1;2;5;3;1;0;1;0;0;0;;;;;Lauren Jenner;;"Kagawa (2); Nagata; Matsumura; Kokaji";"Rementería; Jou; Alameda"
2025/08/01;Australia;Wales;36;5;2025 Women's Rugby World Cup warm-up matches;;;;FALSE;FALSE;6;1;3;0;5;0;0;0;0;0;0;0;;;;;Natarsha Ganley;;"Stewart; Moleka; Amosa; Tuinakauvadra (2); Marsters";Joyce-Butchers
2025/08/01;Canada;United States;42;10;2025 Women's Rugby World Cup warm-up matches;;;;FALSE;FALSE;6;1;5;1;5;1;0;1;0;1;0;0;;;;;Ella Goldsmith;11453;"Penalty try; Hunt; Senft; DeMerchant; Symonds; Nelson";Tafuna
2025/08/02;Ireland;Scotland;27;21;2025 Women's Rugby World Cup warm-up matches;;;;FALSE;FALSE;5;3;1;3;3;3;0;0;0;0;0;0;;;;;Clara Munarini;;"McGrath; Deely; McGillivray; O'Dowd; Nic a Bháird";"Thomson; Scott; Orr"
2025/08/02;England;Spain;97;7;2025 Women's Rugby World Cup warm-up matches;;;;FALSE;FALSE;15;1;11;1;15;1;0;0;0;0;0;0;;;;;Aurélie Groizeleau;5286;"Feaunati; M. Packer; Rowland (3); Breach; Bern (2); Shekells; Campion; Sing; Campbell; Botterman; Dow; Jones";Peña
2025/08/09;Ireland;Canada;26;47;2025 Women's Rugby World Cup warm-up matches;;;;FALSE;FALSE;4;7;3;6;4;7;0;0;0;0;0;0;;;;;Aurélie Groizeleau;;"Parsons (2); McGann (2)";"Symonds (2); Pelletier; Menin; Farries; Schell; de Goede"
2025/08/09;Italy;Japan;33;15;2025 Women's Rugby World Cup warm-up matches;;;;FALSE;FALSE;;;;;;;;;;;;;;;;;Sara Cox;;;
2025/08/09;France;England;6;40;2025 Women's Rugby World Cup warm-up matches;;;;FALSE;FALSE;0;6;0;5;0;6;2;0;2;0;0;0;;;;;Aimee Barrett-Theron;;;"Talling; Cokayne; Muir; Jones; Atkin-Davies (2)"
2025/08/22;England;United States;69;7;2025 Women's Rugby World Cup;;;;FALSE;TRUE;11;1;7;1;10;1;0;0;0;0;0;0;0;1;0;0;Aimee Barrett-Theron;42723;"Kabeya; Botterman; Muir; Kildunne (2); Dow; Cokayne; Breach (2); Atkin-Davies (2)";Jarrell-Searcy
2025/08/23;Australia;Samoa;73;0;2025 Women's Rugby World Cup;;;;FALSE;TRUE;11;0;9;0;11;0;0;0;0;0;0;0;0;1;0;1;Lauren Jenner;10054;"Amosa; Miller (3); Halse (2); Chancellor; Karpani; Smith; Talakai (2)";
2025/08/23;Scotland;Wales;38;8;2025 Women's Rugby World Cup;;;;FALSE;TRUE;6;1;4;0;6;0;0;1;0;1;0;0;0;1;0;0;Maggie Cogger-Orr;10054;"McGhie (3); Brebner-Holden; Gallagher; Orr";Callender
2025/08/23;Canada;Fiji;65;7;2025 Women's Rugby World Cup;;;;FALSE;TRUE;11;1;5;1;9;1;0;0;0;0;0;0;1;0;0;1;Aurélie Groizeleau;4810;"De Goede; Boag; Crossley; Corrigan; Schell (6); Paquin";Lomani
2025/08/23;France;Italy;24;0;2025 Women's Rugby World Cup;;;;FALSE;TRUE;3;0;3;0;3;0;1;0;2;0;0;0;0;0;0;0;Sara Cox;7052;"Grisez; Khalfaoui; Escudero";
2025/08/24;Ireland;Japan;42;14;2025 Women's Rugby World Cup;;;;FALSE;TRUE;6;2;6;2;6;2;0;0;0;0;0;0;1;0;0;0;Clara Munarini;13053;"Costigan; Jones; Parsons; Tuite; Higgins; Breen";"Hirotsu; Kawamura"
2025/08/24;New Zealand;Spain;54;8;2025 Women's Rugby World Cup;;;;FALSE;TRUE;8;1;7;0;8;0;0;1;0;1;0;0;0;0;0;0;Ella Goldsmith;7458;"Miller (2); Mikaele-Tu'u; Leti-I'iga (2); Ponsonby; Woodman-Wickliffe; Setefano";Antolínez
2025/08/24;South Africa;Brazil;66;6;2025 Women's Rugby World Cup;;;;FALSE;TRUE;10;0;8;0;10;0;0;2;0;2;0;0;0;0;0;0;Hollie Davidson;13053;"Roos; Hele (3); Malinga (2); Janse van Rensburg (2); Ngwevu; Makua";
2025/08/30;England;Samoa;92;3;2025 Women's Rugby World Cup;;;;FALSE;TRUE;14;0;11;0;14;0;0;1;0;1;0;0;0;0;0;0;Maggie Cogger-Orr;13615;"Jones (2); Breach (3); Bern; Feaunati; Atkin-Davies; L. Packer; Clifford; Carson; Rowland; M. Packer; Moloney-MacDonald";
2025/08/30;United States;Australia;31;31;2025 Women's Rugby World Cup;;;;FALSE;TRUE;5;5;3;3;5;5;0;0;0;0;0;0;0;0;0;0;Sara Cox;7828;"Tafuna (2); Sagapolu; Rogers; Jarrell-Searcy";"Miller (2); Halse (2); Karpani"
2025/08/30;Canada;Wales;42;0;2025 Women's Rugby World Cup;;;;FALSE;TRUE;6;0;6;0;6;0;0;0;0;0;0;0;1;1;0;0;Hollie Davidson;9803;"Hunt (2); Corrigan; Hogan-Rochester; Perry; Kassil";
2025/08/30;Scotland;Fiji;29;15;2025 Women's Rugby World Cup;;;;FALSE;TRUE;5;3;2;0;5;0;0;0;0;0;0;0;0;2;0;1;Lauren Jenner;9803;"McGhie (2); Lloyd (2); Orr";"Senivutu; Komaitai; Naisewa"
2025/08/31;Ireland;Spain;43;27;2025 Women's Rugby World Cup;;;;FALSE;TRUE;7;5;4;1;7;4;0;0;0;0;0;0;0;0;0;0;Kat Roche;8834;"O'Brien; Costigan; Higgins; McGann (2); Moore (2)";"Pérez; Román; Peña; Alameda; Blanco"
2025/08/31;New Zealand;Japan;62;19;2025 Women's Rugby World Cup;;;;FALSE;TRUE;10;3;6;1;10;2;0;0;0;0;0;0;1;1;1;0;Aurélie Groizeleau;13902;"Woodman-Wickliffe; Miller (2); Vahaakolo; Sorensen-McGee (3); Tukuafu; Pouri-Lane; Holmes";"Hatada; Tsukui; Penalty try"
2025/08/31;Italy;South Africa;24;29;2025 Women's Rugby World Cup;;;;FALSE;TRUE;4;5;2;2;4;5;0;0;0;0;0;0;0;0;0;0;Ella Goldsmith;6045;"Ostuni Minuzzi; Vecchini; Sgorbini; Seye";"Hele; Roos; Malinga; Solontsi; Mcatshulwa"
2025/08/31;France;Brazil;84;5;2025 Women's Rugby World Cup;;;;FALSE;TRUE;14;1;7;0;14;0;0;0;0;0;0;0;0;0;0;0;Natarsha Ganley;13902;"Boulard (2); Morland; Bourdon Sansus; Arbey (2); Deshaye; Menager (2); Queyroi; Okemba (2); Konde; Tuy";B. Silva
2025/09/06;United States;Samoa;60;0;2025 Women's Rugby World Cup;;;;FALSE;TRUE;10;0;5;0;10;0;0;0;0;0;0;0;1;0;0;0;Natarsha Ganley;7124;"Tafuna (4); Rogers (2); Bargell; Coulibaly; Jarrell-Searcy; Ortiz";
2025/09/06;England;Australia;47;7;2025 Women's Rugby World Cup;;;;FALSE;TRUE;7;1;6;1;7;1;0;0;0;0;0;0;1;1;0;0;Aurélie Groizeleau;30433;"Breach; Ward; Kabeya (2); Clifford (2); Bern";Talakai
2025/09/06;Canada;Scotland;40;19;2025 Women's Rugby World Cup;;;;FALSE;TRUE;6;3;4;2;5;3;0;0;0;0;0;0;0;1;0;0;Aimee Barrett-Theron;14003;"Hunt; Penalty try; Tuttosi (2); Kassil; DeMerchant";"Lloyd; Gallagher; McGhie"
2025/09/06;Wales;Fiji;25;28;2025 Women's Rugby World Cup;;;;FALSE;TRUE;5;4;0;4;0;4;0;0;0;0;0;0;0;0;0;0;Kat Roche;14003;"Cox; Callender; Tuipulotu; Powell; Neumann";"Neihamu (2); Railumu; Tove"
2025/09/07;Japan;Spain;29;21;2025 Women's Rugby World Cup;;;;FALSE;TRUE;5;3;2;3;5;3;0;0;0;0;0;0;0;1;0;0;Sara Cox;3779;"Nishimura; Nagata; Kitano; Imakugi; Nduka";"Blanco; Castelo; Rosell"
2025/09/07;New Zealand;Ireland;40;0;2025 Women's Rugby World Cup;;;;FALSE;TRUE;6;0;5;0;6;0;0;0;0;0;0;0;0;0;0;0;Hollie Davidson;30017;"Waaka; Viliko; Sorensen-McGee (3); Joseph";
2025/09/07;Italy;Brazil;64;3;2025 Women's Rugby World Cup;;;;FALSE;TRUE;12;0;2;0;12;0;0;1;0;1;0;0;0;1;0;0;;13268;"Mannini; Fedrighi; Granzotto (3); Ostuni Minuzzi (3); Corradini; Buso (2); Stefan";
2025/09/07;France;South Africa;57;10;2025 Women's Rugby World Cup;;;;FALSE;TRUE;9;1;6;1;9;1;0;1;0;1;0;0;0;0;0;1;;13268;"Boulard (2); Vernier; Escudero; Gérin; Grisez (2); Deshayes; Chambon";Roos
2025/09/13;New Zealand;South Africa;46;17;2025 Women's Rugby World Cup;;;;FALSE;TRUE;8;3;3;1;8;3;0;0;0;0;0;0;0;0;0;0;Sara Cox;12116;"Setefano; Sorensen-McGee (2); Holmes (2); Olsen-Baker (2); Vaha'akolo";"Latsha; Ngwevu; Makua"
2025/09/13;Canada;Australia;46;5;2025 Women's Rugby World Cup;;;;FALSE;TRUE;7;1;4;0;6;0;1;0;2;0;0;0;0;0;0;0;Hollie Davidson;16571;"Hogan-Rochester; Corrigan (2); de Goede; Hunt; Forteza; Paquin";Miller
2025/09/14;France;Ireland;18;13;2025 Women's Rugby World Cup;;;;FALSE;TRUE;2;2;1;0;2;0;2;1;2;1;0;0;3;1;0;0;Aimee Barrett-Theron;11618;"Escudero; Grisez";"Djougang; Flood"
2025/09/14;England;Scotland;40;8;2025 Women's Rugby World Cup;;;;FALSE;TRUE;6;1;5;0;6;0;0;1;0;1;0;0;0;0;0;0;Aurélie Groizeleau;25295;"Clifford (2); Talling; Dow; Cokayne; Aitchison";Lloyd
2025/09/19;New Zealand;Canada;19;34;2025 Women's Rugby World Cup;;;;FALSE;TRUE;3;5;2;3;3;5;0;1;0;1;0;0;0;0;0;0;Aimee Barrett-Theron;24592;"Kalounivale; Mikaele-Tu'u; Sorensen-McGee";"Pelletier; Hogan Rochester; Symonds; de Goede; Tessier"
2025/09/20;France;England;17;35;2025 Women's Rugby World Cup;;;;FALSE;TRUE;3;5;1;5;3;5;0;0;0;0;0;0;0;0;0;0;Maggie Cogger-Orr;25478;"Konde (2); Arbey";"Kildunne (2); Cokayne; Ward; Jones"
2025/09/27;New Zealand;France;42;26;2025 Women's Rugby World Cup;;;;FALSE;TRUE;6;4;3;3;6;4;2;0;2;0;0;0;0;0;0;0;Ella Goldsmith;;"Demant; Brunt; Holmes; Bayfield; Sorensen-McGee (2)";"Bourdon Sansus; Champon; Vernier; Boulard"
2025/09/27;Canada;England;13;33;2025 Women's Rugby World Cup;;;;FALSE;TRUE;2;5;0;4;0;5;1;0;1;0;0;0;0;1;0;0;Hollie Davidson;81885;Hogan-Rochester (2);"Kildunne; Cokayne; Matthews (2); Ward"
2025/10/25;Finland;Sweden;7;18;2025–26 Rugby Europe Women's Trophy;;;;FALSE;FALSE;1;3;1;0;1;0;0;1;0;1;0;0;;;;;Marit Bras;100;Heidi Hennessy;"Isabell Wijkström; Isa Junttila; Keli Franks"
2025/11/22;Romania;Georgia;0;43;2025–26 Rugby Europe Women's Conference;;;;FALSE;FALSE;0;7;0;4;0;7;0;0;0;0;0;0;;;;;Karina Krymova;120;;"Nino Tsiklauri; Mariam Berandze; Teona Chitaishvili; Ani Kapanadze; Ana Khabuliani; Manoni Sagaradze; Lika Khupenia"
2025/11/23;Austria;Czech Republic;20;7;2025–26 Rugby Europe Women's Conference;;;;FALSE;FALSE;4;1;0;1;0;1;0;0;0;0;0;0;;;;;Marion Gauthier;250;"Sina Beneditschitz; Anna Wallensteiner; Bianca Peham; Karolina Pomej";Jana Urbanova
2026/02/08;Malaysia;Singapore;15;15;2026 SEARF Women's Championship;;;;FALSE;FALSE;3;3;0;0;0;0;0;0;0;0;0;0;;;;;Sunny Lee;;"Maslina Ahmad Ismail (2); Nur Alyia Nabila Binti Samsubahari";"Rachel Li Ting Tan; Felicia Zehong Cheng; Syirin Binte Hashim"
2026/02/11;Singapore;Philippines;51;0;2026 SEARF Women's Championship;;;;FALSE;FALSE;9;0;3;0;3;0;0;0;0;0;0;0;;;;;Sunny Lee;;"Angelina Hui Yun Liu; Dawn Yi Ning Tan; Pei Yi Ong; Crystal Mei Qi Tao; Choi Sum Jessie Yuen; Sherienne Jia Li Koh; Hannah Mei Lin Tan; Min Yan Tse; Ayu Arissa ";
2026/02/14;Philippines;Malaysia;0;78;2026 SEARF Women's Championship;;;;FALSE;FALSE;;;;;;;;;;;;;;;;;;;;
2026/02/22;Croatia;Georgia;5;55;2025–26 Rugby Europe Women's Conference;;;;FALSE;FALSE;1;9;0;5;0;5;0;0;0;0;0;0;;;;;Elena Loredana Juncanariu;100;Tihana Zaja;"Lika Khupenia; Kira Danelia; Tamari Managadze; Salome Makasarashvili; Ani Kapanadze (2); Manoni Sagaradze (2); Ana Datiashvili"
2026/02/28;Germany;Finland;68;0;2025–26 Rugby Europe Women's Trophy;;;;FALSE;FALSE;12;0;4;0;4;0;0;0;0;0;0;0;;;;;Mariam Goguadze;900;"Sophie Fella; Paula Schult (3); Johanna Hacker (5); Mette Zimmat (2); Ronja Hinterding";
2026/03/01;Poland;Czech Republic;7;26;2026 women's rugby union internationals;;;;FALSE;FALSE;;;;;;;;;;;;;;;;;Filip Kuniczkowski;;;
2026/03/21;Croatia;Andorra;5;29;2025–26 Rugby Europe Women's Conference;;;;FALSE;FALSE;1;5;0;2;0;2;0;0;0;0;0;0;;;;;Laura Wunsch;;Marinela Elez;"Daniela Ferreira; Lea Mora; Alba Albarellos Barreira; Miren Barciela Garcia; Mariona Barcons"
2026/03/21;Greece;Bulgaria;22;0;2025–26 Rugby Europe Women's Conference;;;;FALSE;FALSE;;;;;;;;;;;;;;;;;Maria Francesca Novelli;;;
2026/03/27;Australia;Fiji;33;15;2026 women's rugby union internationals;;;;FALSE;FALSE;5;2;4;1;5;2;0;1;0;1;0;0;;;;;Amber McLachlan;;"Ledington; O’Gorman; Palu; Stewart; Miller";"Yee; Neihamu"
2026/03/28;Spain;Belgium;39;0;2026 Rugby Europe Women's Championship;;;;FALSE;FALSE;7;0;2;0;2;0;0;0;0;0;0;0;;;;;Cara Senneka;1000;"Tecla Masoko Bueriberi (2); Amalia Argudo (2); Amaia Erbina; Nuria Jou; Valentina Lucia Perez Marquez";
2026/03/29;Netherlands;Portugal;59;0;2026 Rugby Europe Women's Championship;;;;FALSE;FALSE;9;0;7;0;7;0;0;0;0;0;0;0;;;;;Maria Latos;300;"Sydney de Weijer; Linde van der Velden; Mariet Luijken; Isa Spoler; Elizabeth Shermer; Lieve Stallmann; Pleuni Kievit; Franka Holland; Isabel Juna Du Pre";
2026/04/04;Sweden;Germany;0;29;2025–26 Rugby Europe Women's Trophy;;;;FALSE;FALSE;0;5;0;2;0;2;0;0;0;0;0;0;;;;;Mariam Goguadze;300;;"Mette Zimmat (2); Lara Burger; Johanna Hacker; Sarah Gossman"
2026/04/11;Portugal;Spain;5;45;2026 Rugby Europe Women's Championship;;;;FALSE;FALSE;1;7;0;5;0;5;0;0;0;0;0;0;;;;;Katherine Ritchie;500;Ana Margarida Mata;"Claudia Pérez; Clàudia Peña; Anael Fernández (2); Bingbing Vergara; Nuria Jou; Amaia Erbina"
2026/04/11;Belgium;Netherlands;0;41;2026 Rugby Europe Women's Championship;;;;FALSE;FALSE;0;7;0;3;0;3;0;0;0;0;0;0;;;;;Beatrice Smussi;400;;"Mariet Luijken (4); Inger Jongerius; Anoushka Beukers; Isa Suzanne Annemijn Spoler"
2026/04/11;United States;New Zealand;15;48;2026 Pacific Four Series;;;;FALSE;FALSE;2;7;1;5;2;7;1;1;1;1;0;0;0;2;0;1;Julianne Zussman;;"Rogers; Coulibaly";"Paul (3); Brunt; Holmes (2); King"
2026/04/11;Canada;Australia;24;0;2026 Pacific Four Series;;;;FALSE;FALSE;4;0;2;0;4;0;0;0;0;0;0;0;0;2;0;0;Aurélie Groizeleau;;"Omokhuale; Buisa; Hogan-Rochester; Idowu";
2026/04/11;France;Italy;40;7;2026 Women's Six Nations Championship;;;;FALSE;FALSE;6;1;5;1;6;1;0;0;0;0;0;0;0;1;0;0;Aimee Barrett-Theron;14876;"Grando; Arbez; Brosseau; Khalfaoui; Murie; Barrat";Buso
2026/04/11;England;Ireland;33;12;2026 Women's Six Nations Championship;;;;FALSE;FALSE;5;2;4;1;5;2;0;0;0;0;0;0;0;0;0;0;Clara Munarini;77120;"Cokayne; Bern (2); Breach; Kildunne";"McGann; King"
2026/04/11;Wales;Scotland;19;24;2026 Women's Six Nations Championship;;;;FALSE;FALSE;3;3;2;3;3;3;0;1;0;2;0;0;1;2;0;0;Ella Goldsmith;10569;"Jones; Tuipulotu; Williams";"Rollie; Campbell; Scott"
2026/04/17;Canada;New Zealand;14;36;2026 Pacific Four Series;;;;FALSE;FALSE;2;6;1;3;1;6;0;0;0;0;0;0;1;1;0;0;Aimee Barrett-Theron;;"Hogan-Rochester; Penalty try";"Tukuafu; Paul; Olsen-Baker (2); Vaipulu; du Plessis"
2026/04/17;United States;Australia;33;12;2026 Pacific Four Series;;;;FALSE;FALSE;5;2;4;1;5;2;0;0;0;0;0;0;1;1;0;0;Julianne Zussman;;"Rogers (2); Perris-Redding; Tafuna; Emily Henrich";"Palu; Miller"
2026/04/17;Tonga;Fiji;5;83;2026 Oceania Rugby Women's Championship;;;;FALSE;FALSE;1;13;0;9;1;13;0;0;0;0;0;0;2;0;0;0;Erin Doherty;;Vika Fifita;"Aqela Raitubu (2); Sulita Waisega; Charlotte Tuicikobia; Vika Nakacia; Merewairita Neivoha; Adi Salaseini Railumu; Karalaini Naisewa; Keleni Marawa; Varanisese "
2026/04/18;Netherlands;Spain;19;43;2026 Rugby Europe Women's Championship;;;;FALSE;FALSE;3;6;2;5;3;6;0;1;0;1;0;0;;;;;Robert Adele;;"Beukers; Spoler; Luijken";"Cano Resino; Erbina Araña; Peña Hidalgo; Ardugo Llobregat; Sanchez Rodriguez; Cortes Ekobo"
2026/04/18;Belgium;Portugal;15;5;2026 Rugby Europe Women's Championship;;;;FALSE;FALSE;3;1;0;0;0;0;0;0;0;0;0;0;;;;;Gauthier Marion;;"Gernaey; Van Der Zjipen; Bokonda Tshiama";Teixeira
2026/04/18;Scotland;England;7;84;2026 Women's Six Nations Championship;;;;FALSE;FALSE;1;12;1;12;1;12;0;0;0;0;0;0;0;0;0;0;Zoe Naude;30498;Lloyd;"Kildunne (2); Jones; Kelsey Clifford; Sing; Cokayne; Bern (2); Packer; Kabeya; Venner; Lutui"
2026/04/18;Wales;France;7;38;2026 Women's Six Nations Championship;;;;FALSE;FALSE;1;6;0;4;0;6;0;0;0;0;0;0;1;2;0;0;Robbie Jenkinson;4163;Penalty try;"Fall; Feleu; Murié; Bourdon Sansus; Grando (2)"
2026/04/18;Ireland;Italy;57;20;2026 Women's Six Nations Championship;;;;FALSE;FALSE;9;4;6;0;9;0;0;0;0;0;0;0;0;0;0;0;Ella Goldsmith;9206;"Lane; Wafer; Parsons (3); O'Connor; Perry; Moloney-MacDonald; Hogan";"Vecchini; Minuzzi; Madia; D'Inca"
2026/04/21;Tonga;Samoa;5;50;2026 Oceania Rugby Women's Championship;;;;FALSE;FALSE;1;8;0;5;1;8;0;0;0;0;0;0;1;1;0;0;Meresiana Savenaca;;Vika Fifita;"Maria Eirenei Nikolao; Faith Nonutunu (2); Tyra Boysen-Auimatagi; Iron Talia; Harmony Vatau; Taytana Pati Ah-Cheung; Octavia Nanai Iafeta"
2026/04/24;United States;Canada;12;50;2026 Pacific Four Series;;;;FALSE;FALSE;2;8;1;5;2;8;0;0;0;0;0;0;1;0;0;0;Amber McLachlan;;"Rogers; Henrich";"De Goede; Pelletier; Menin; Bowie; Gallagher (2); Hogan-Rochester; Tuttosi"
2026/04/25;Australia;New Zealand;5;40;2026 Laurie O'Reilly Cup;;;;FALSE;FALSE;1;6;0;5;1;6;0;0;0;0;0;0;0;0;0;0;Aurélie Groizeleau;5508;Palu;"Du Plessis; Leti-I'iga (2); Mahutariki-Fakalelu; McGregor; Bayfield"
2026/04/25;Samoa;Fiji;7;60;2026 Oceania Rugby Women's Championship;;;;FALSE;FALSE;1;9;1;6;1;9;0;1;0;1;0;0;0;1;0;0;Erin Doherty;;Machiko Fepulea'i;"Manuqalo Komaitai (2); Merewairita Neivoha; Tiana Robanakadavu; Aqela Raitubu (3); Vika Nakacia; Sulita Waisega"
2026/04/25;England;Wales;62;24;2026 Women's Six Nations Championship;;;;FALSE;FALSE;10;4;6;2;10;4;0;0;0;0;0;0;0;0;0;0;Ella Goldsmith;26247;"Feaunati; David; Packer (2); Jones (2); Cokayne; MacDonald; Breach; Muir";"Bevan; Jones; Lewis; Lockwood"
2026/04/25;Italy;Scotland;41;14;2026 Women's Six Nations Championship;;;;FALSE;FALSE;7;2;3;2;7;2;0;0;0;0;0;0;0;0;0;0;Robbie Jenkinson;4787;"D'Inca (2); Zanette (2); Muzzo; Vecchini; Duca";"Skeldon; Poolman"
2026/04/25;France;Ireland;26;7;2026 Women's Six Nations Championship;;;;FALSE;FALSE;4;1;3;1;4;1;0;0;0;0;0;0;0;0;0;0;Clara Munarini;17000;"Mwayembe; Arbez; Grando; Champon";Moloney
2026/04/30;Kazakhstan;Japan;12;64;2026 Asia Rugby Women's Championship;;;;FALSE;FALSE;;;;;;;;;;;;;;;;;;;;
2026/05/05;Japan;Hong Kong;71;12;2026 Asia Rugby Women's Championship;;;;FALSE;FALSE;;;;;;;;;;;;;;;;;;;;
2026/05/08;Tunisia;Ivory Coast;85;0;2026 Rugby Africa Women's Cup Division 1;;;;FALSE;FALSE;;;;;;;;;;;;;;;;;;;;
2026/05/09;Italy;England;33;61;2026 Women's Six Nations Championship;;;;FALSE;FALSE;5;9;3;8;4;9;0;0;0;0;0;0;0;0;0;0;Jess Ling;4376;"Vecchini; Penalty Try; Ranuccini; Sgorbini (2)";"Packer (4); Cokayne (2); Rowland; Venner; Burton"
2026/05/09;Scotland;France;28;69;2026 Women's Six Nations Championship;;;;FALSE;FALSE;4;11;4;7;4;11;0;0;0;0;0;0;0;0;0;0;Aimee Barrett-Theron;5871;"Philipps (2); Coughbrough; Sutcliffe";"Feleu; Arbez; Soqeta (2); Champon (2); Barratt; Chambon; Murie; Deshayes; Mwayembe"
2026/05/09;Ireland;Wales;33;12;2026 Women's Six Nations Championship;;;;FALSE;FALSE;5;2;4;1;5;1;0;0;0;0;0;0;0;0;0;0;Aurélie Groizeleau;4979;"Wafer (2); Parsons; Hogan (2)";"Evans; Joyce-Butchers"
2026/05/10;Kazakhstan;Hong Kong;26;26;2026 Asia Rugby Women's Championship;;;;FALSE;FALSE;;;;;;;;;;;;;;;;;;;;
2026/05/12;Morocco;Ivory Coast;27;5;2026 Rugby Africa Women's Cup Division 1;;;;FALSE;FALSE;;;;;;;;;;;;;;;;;;;;
2026/05/16;Tunisia;Morocco;54;0;2026 Rugby Africa Women's Cup Division 1;;;;FALSE;FALSE;;;;;;;;;;;;;;;;;;;;
2026/05/17;Wales;Italy;24;43;2026 Women's Six Nations Championship;;;;FALSE;FALSE;4;7;2;4;3;7;0;0;0;0;0;0;0;0;0;0;Maggie Cogger-Orr;3712;"Keight; Cox; Jones; Powell";"Minuzzi (2); Granzotto; D'Inca (2); Sgorbini; Madia"
2026/05/17;Ireland;Scotland;54;5;2026 Women's Six Nations Championship;;;;FALSE;FALSE;8;1;7;0;8;0;0;0;0;0;0;0;0;0;0;0;Aurélie Groizeleau;31294;"Moloney; O'Connor; Hogan (2); King; Wafer (2); Flood";Sutcliffe
2026/05/17;France;England;28;43;2026 Women's Six Nations Championship;;;;FALSE;FALSE;4;6;4;5;4;6;0;1;0;1;0;0;0;0;0;0;Clara Munarini;35062;"Bourdon (2); Grando; Bernadou";"Bern; Kildunne (2); Breach (2); Cokayne"
2026/05/23;South Africa;Madagascar;64;5;2026 Rugby Africa Women's Cup;;;;FALSE;FALSE;10;1;7;0;10;0;0;0;0;0;0;0;;;;;Precious Pazani;;"Jakkie Cilliers; Alichia Arries; Aphiwe Ngwevu; Chuma Qawe; Nombuyekezo Mdliki; Faith Tshauke; Logan Welman; Thandile Mazwi; Thami Yeko; Mary Zulu";Mialy Ravaoarinoro
2026/05/23;Kenya;Uganda;43;10;2026 Rugby Africa Women's Cup;;;;FALSE;FALSE;;;;;;;;;;;;;;;;;;;;
2026/05/27;South Africa;Uganda;47;20;2026 Rugby Africa Women's Cup;;;;FALSE;FALSE;7;3;6;1;7;3;0;1;0;1;0;0;;;;;Julie Randriarimanana;;"Shaunique Alexander; Alicia Arries (2); Logan Welman; Thamie Yeko; Naima Hlatshwayo; Faith Tshauke";"Peace Lekuru; Gertrude Kateesa; Mastula Nambozo"
2026/05/27;Kenya;Madagascar;57;0;2026 Rugby Africa Women's Cup;;;;FALSE;FALSE;;;;;;;;;;;;;;;;;Rejoyce Simeti;;;
2026/05/31;Uganda;Madagascar;46;12;2026 Rugby Africa Women's Cup;;;;FALSE;FALSE;;;;;;;;;;;;;;;;;Bineta Sene;;;
2026/05/31;South Africa;Kenya;35;20;2026 Rugby Africa Women's Cup;;;;FALSE;FALSE;5;3;2;1;5;3;2;1;2;1;0;0;0;0;0;0;Precious Pazani;;"Alichia Arries; Naima Hlatshwayo; Logan Welman; Jakkie Cilliers; Ntsako Mbombi";"Faith Livoi; Knight Otuoma; Sinaida Mokaya"
2026/07/04;South Africa;United States;34;21;2026 women's rugby union internationals;;;;FALSE;FALSE;6;3;2;3;6;3;0;0;0;0;0;0;0;1;0;0;Zoe Naude;;"Malinga; Tose; Latsha; Welman (2); Ubisi";"Tafuna; Cowdrey; Cook"
2026/07/11;South Africa;United States;19;26;2026 women's rugby union internationals;;;;FALSE;FALSE;3;4;2;3;3;4;0;0;0;0;0;0;1;0;0;0;Zoe Naude;;"Arries; Günter; Malinga";"Rogers (2); Uhatafe (2)"
2026/08/08;Fiji;South Africa;12;55;2026 women's rugby union internationals;;;;FALSE;FALSE;2;9;1;5;2;5;0;0;0;0;0;0;0;0;1;0;Jess Ling;;"Buleki; Qoro";"Khuzwayo (2); Mdliki; Gwala; Ubisi; Solontsi; Samboya; Dolf; Noxeke"
2026/08/15;Fiji;South Africa;22;29;2026 women's rugby union internationals;;;;FALSE;FALSE;4;5;1;2;4;5;0;0;0;0;0;0;2;2;0;0;Amber McLaughlan;;"Buna; Buleki; Nailolo; Rokowati";"Gwala; Tshiremba (3); Ubisi"
2026/08/22;New Zealand;Australia;66;19;2026 women's rugby union internationals;;;;FALSE;FALSE;10;3;8;2;10;3;0;0;0;0;0;0;0;0;0;0;Maggie Cogger-Orr;;"Sorensen-McGee; Viliko; Demant; Mikaele-Tu'u; Roos; Leti-I'iga; Green; Joseph; Tuliau-Tua'a; Sititi";"Miller; Ellis; Merlo"
2026/09/04;Japan;Fiji;12;15;2026 women's rugby union internationals;;;;FALSE;FALSE;2;3;1;0;2;0;0;0;0;0;0;0;;;;;Ella Goldsmith;;"Asari; Kuge";"Rokowati; Qoro; Raitubu"
2026/09/05;South Africa;New Zealand;20;52;2026 women's rugby union internationals;;;;FALSE;FALSE;4;8;0;6;4;8;0;0;0;0;0;0;0;3;0;0;Zoe Naude;;"Gwala; Ngwevu; Ubisi (2)";"E. King (2); Sorensen-McGee (2); Viliko; Joseph; Sititi; Vaipulu"
2026/09/12;France;New Zealand;14;28;2026 WXV Global Series;;;;FALSE;FALSE;2;4;2;4;2;4;0;0;0;0;0;0;;;;;Clara Munarini, Italy;14084;"Bourdon Sansus; Queyroi";"McGregor; Anderson; Paul; Mikaele-Tu'u"
2026/09/12;England;Australia;48;15;2026 WXV Global Series;;;;FALSE;FALSE;8;2;4;1;8;2;0;1;0;1;0;0;;;;;Aurélie Groizeleau, France;9251;"Burton; Campbell; Jones; Field; Venner; Kabeya; Packer; Moloney-MacDonald";"Pohiva; Karpani"
2026/09/12;Scotland;Canada;26;64;2026 WXV Global Series;;;;FALSE;FALSE;4;10;3;7;4;10;0;0;0;0;0;0;;;;;Holly Wood, England;2721;"E. Gallagher; Campbell; Skeldon; Lloyd";"Gibson (2); Apps (2); Kassil; Omokhuale; Perry; Pelletier; Senft; Bauder"
2026/09/13;Spain;Fiji;32;38;2026 WXV Global Series Challenger;;;;FALSE;FALSE;4;6;3;4;4;6;2;0;2;0;0;0;;;;;Amber Stamp-Dunstan, Wales;;"V. Pérez (2); Cano; Argudo";"Ralivanawa; Neihamu; Fisher; Rokowati; Nailolo; Tove"
2026/09/13;Netherlands;Samoa;70;0;2026 WXV Global Series Challenger;;;;FALSE;FALSE;12;0;5;0;12;0;0;0;0;0;0;0;;;;;Precious Pazani, Zimbabwe;;"van der Schoot (2); Mulling (4); van der Velden (2); Prins; Stallmann; Luijken; Boot";
2026/09/18;Wales;South Africa;50;19;2026 WXV Global Series;;;;FALSE;FALSE;8;3;5;2;8;3;0;0;0;0;0;0;;;;;Ella Goldsmith Australia;;"Keight; Tuipulotu (2); Lockwood; Davies; K. Jones; Neumann; Callender";"Jacobs; Tshiremba; Samboya"
2026/09/19;Samoa;Spain;21;59;2026 WXV Global Series Challenger;;;;FALSE;FALSE;3;9;3;7;3;9;0;0;0;0;0;0;;;;;Emma Gallagher, Canada;;"Savelio (2); Falaniko";"C. Pérez; V. Pérez (2); Fernández de Corres; Capell; Martínez; Cortés; Argudo; Gil"
2026/09/19;Brazil;Netherlands;15;17;2026 WXV Global Series Challenger;;;;FALSE;FALSE;2;3;1;1;2;3;1;0;1;0;0;0;;;;;Sunny Lee, Hong Kong;;"Kochhann; Barth";"Mulling; Jongerius; Muggleton"
2026/09/19;France;Australia;29;26;2026 WXV Global Series;;;;FALSE;FALSE;5;4;2;3;5;4;0;0;0;0;0;0;;;;;Holly Wood, England;6500;"Grando; Boulard; Bourdon Sansus; Riffonneau; Feleu";"Merlo; Naden; Halse; Duck"
2026/09/19;England;Canada;26;26;2026 WXV Global Series;;;;FALSE;FALSE;4;4;3;3;4;4;0;0;0;0;0;0;;;;;Clara Munarini, Italy;14573;"Moloney-MacDonald (2); Botterman; Field";"Gibson; Menin (2); Apps"
2026/09/19;Scotland;New Zealand;14;66;2026 WXV Global Series;;;;FALSE;FALSE;2;10;2;8;2;10;0;0;0;0;0;0;;;;;Jess Ling, Australia;4194;Gallagher (2);"Palu; Vaipulu; McGregor; E. King; Sae (2); du Plessis; Sititi; Turner; Saili"
2026/09/19;Italy;Japan;55;21;2026 WXV Global Series;;;;FALSE;FALSE;9;3;5;3;8;3;0;0;0;0;0;0;;;;;Zoe Naude, South Africa;;"Muzzo (2); Frangipani; D'Incà; Vecchini; Duca; Ostuni Minuzzi; Sgorbini; Tonellotto";"Asari; Kuge; Kawamura"
2026/09/20;Ireland;United States;36;40;2026 WXV Global Series;;;;FALSE;FALSE;6;6;3;5;6;6;0;0;0;0;0;0;;;;;Maggie Cogger-Orr, New Zealand;3755;"Elmes Kinlan; Moloney-MacDonald; Wafer; Eve Higgins; King; Wall";"Perris-Redding; Rogers; Treder (2); Taufo'ou; Tafuna"
2026/09/26;Fiji;Netherlands;20;17;2026 WXV Global Series Challenger;;;;FALSE;FALSE;3;3;1;1;3;3;1;0;1;0;0;0;;;;;Emma Gallagher, Canada;2900;"Neivosa; Rokowati; Naliva";"Boot; van der Velden; Kievit"
2026/09/26;France;Canada;21;5;2026 WXV Global Series;;;;FALSE;FALSE;3;1;3;0;3;0;0;0;0;0;0;0;;;;;Maggie Cogger-Orr, New Zealand;15000;"Boulard (2); Chambon";Gibson
2026/09/26;England;New Zealand;26;19;2026 WXV Global Series;;;;FALSE;FALSE;4;3;3;2;5;3;0;0;0;0;0;0;;;;;Clara Munarini, Italy;59871;"Moloney-MacDonald; Ellie Kildunne; Breach; Harrison'";"du Plessis; Leti-I'iga; Paul"
2026/09/26;Scotland;Australia;10;30;2026 WXV Global Series;;;;FALSE;FALSE;1;4;1;2;1;4;1;2;1;2;0;0;;;;;Aurélie Groizeleau, France;3191;Gallagher;"Miller; Samantha Wood; Hoy; Moleka"
2026/09/26;Wales;United States;24;26;2026 WXV Global Series;;;;FALSE;FALSE;4;4;2;3;4;4;0;0;0;0;0;0;;;;;Amber McLachlan, Australia;3367;"Bevan; Jones; Tuipulotu; Callender";"Tafuna (3); Coulibaly"
2026/09/26;Italy;South Africa;29;41;2026 WXV Global Series;;;;FALSE;FALSE;4;6;3;4;4;6;1;1;1;1;0;0;;;;;Holly Wood, England;;"D'Incà (2); Vecchini; Ostuni Minuzzi";"Groenewald (2); Dolf; Tshiremba; Günter; Welman"
2026/09/27;Ireland;Japan;31;24;2026 WXV Global Series;;;;FALSE;FALSE;5;4;3;2;5;4;0;0;0;0;0;0;;;;;Ella Goldsmith Australia;3000;"Hogan (2); Parsons (2); Dalton";"Nagaoka (2); Nagata; Asari"
2026/10/04;Spain;South Africa;0;20;2026 WXV Global Series;Seville;Seville;;FALSE;FALSE;0;3;0;1;0;3;0;1;0;1;0;0;;;;;Bérénice Loubet, France;2000;;"Jacobs; Hele; Cilliers"
2026/09/13;Hong Kong;Brazil;29;24;2026 WXV Global Series Challenger;Kai Tak Youth Sports Ground;Hong Kong;Hong Kong;FALSE;FALSE;5;4;1;1;4;4;0;0;0;0;0;0;;;;;Hibiki Ikeda, Japan;2900;"Dhar (2); Lee (2); Penalty try";"Penalty try; Carvalho; Costa; Dos Santos"
2026/09/19;Fiji;Hong Kong;54;26;2026 WXV Global Series Challenger;Kai Tak Youth Sports Ground;Hong Kong;Hong Kong;TRUE;FALSE;8;4;7;3;9;4;0;0;0;0;0;0;;;;;Giana Viljoen, South Africa;2700;"Nailolo; Qoro (2); Ralivanawa (2); Neivosa; Sorokacika; Duva";"Dhar; Lynam; Knowler; Bolton"
2026/09/26;Hong Kong;Samoa;17;34;2026 WXV Global Series Challenger;Kai Tak Youth Sports Ground;Hong Kong;Hong Kong;FALSE;FALSE;3;5;1;3;3;5;0;1;0;1;0;0;;;;;Giana Viljoen, South Africa;;"Dhar (2); Chow";"Aumua; Auimatagi; Fiafia; Afuie; Lasini"
